#-----------------------------------------------------------
# Vivado v2025.1 (64-bit)
# SW Build 6140274 on Wed May 21 22:58:25 MDT 2025
# IP Build 6138677 on Thu May 22 03:10:11 MDT 2025
# SharedData Build 6139179 on Tue May 20 17:58:58 MDT 2025
# Start of session at: Wed Apr 29 19:56:01 2026
# Process ID         : 2224835
# Current directory  : /home/dylanjb/Documents/qkd_bb84_phase
# Command line       : vivado
# Log file           : /home/dylanjb/Documents/qkd_bb84_phase/vivado.log
# Journal file       : /home/dylanjb/Documents/qkd_bb84_phase/vivado.jou
# Running On         : eecs-digital-40
# Platform           : Ubuntu
# Operating System   : Ubuntu 24.04.3 LTS
# Processor Detail   : AMD Ryzen 7 5825U with Radeon Graphics
# CPU Frequency      : 3512.100 MHz
# CPU Physical cores : 8
# CPU Logical cores  : 16
# Host memory        : 29342 MB
# Swap memory        : 8589 MB
# Total Virtual      : 37932 MB
# Available Virtual  : 34441 MB
#-----------------------------------------------------------
start_gui
WARNING: [Board 49-26] cannot add Board Part xilinx.com:emb-plus-vpr-4616:part0:1.0 available at /tools/Xilinx/2025.1/data/xhub/boards/XilinxBoardStore/boards/Xilinx/emb-plus-vpr-4616/1.0/board.xml as part xcve2302-sfva784-2mp-e-s specified in board_part file is either invalid or not available
WARNING: [Board 49-26] cannot add Board Part xilinx.com:emb-plus-vpr-4616:part0:1.1 available at /tools/Xilinx/2025.1/data/xhub/boards/XilinxBoardStore/boards/Xilinx/emb-plus-vpr-4616/1.1/board.xml as part xcve2302-sfva784-2mp-e-s specified in board_part file is either invalid or not available
WARNING: [Board 49-26] cannot add Board Part xilinx.com:v80:part0:1.0 available at /tools/Xilinx/2025.1/data/xhub/boards/XilinxBoardStore/boards/Xilinx/v80/1.0/board.xml as part xcv80-lsva4737-2mhp-e-s specified in board_part file is either invalid or not available
WARNING: [Board 49-26] cannot add Board Part xilinx.com:vck190:part0:2.2 available at /tools/Xilinx/2025.1/data/xhub/boards/XilinxBoardStore/boards/Xilinx/vck190/production/2.2/board.xml as part xcvc1902-vsva2197-2mp-e-s specified in board_part file is either invalid or not available
WARNING: [Board 49-26] cannot add Board Part xilinx.com:vck190:part0:3.0 available at /tools/Xilinx/2025.1/data/xhub/boards/XilinxBoardStore/boards/Xilinx/vck190/production/3.0/board.xml as part xcvc1902-vsva2197-2mp-e-s specified in board_part file is either invalid or not available
WARNING: [Board 49-26] cannot add Board Part xilinx.com:vck190:part0:3.1 available at /tools/Xilinx/2025.1/data/xhub/boards/XilinxBoardStore/boards/Xilinx/vck190/production/3.1/board.xml as part xcvc1902-vsva2197-2mp-e-s specified in board_part file is either invalid or not available
WARNING: [Board 49-26] cannot add Board Part xilinx.com:vck190:part0:3.2 available at /tools/Xilinx/2025.1/data/xhub/boards/XilinxBoardStore/boards/Xilinx/vck190/production/3.2/board.xml as part xcvc1902-vsva2197-2mp-e-s specified in board_part file is either invalid or not available
WARNING: [Board 49-26] cannot add Board Part xilinx.com:vck190:part0:3.3 available at /tools/Xilinx/2025.1/data/xhub/boards/XilinxBoardStore/boards/Xilinx/vck190/production/3.3/board.xml as part xcvc1902-vsva2197-2mp-e-s specified in board_part file is either invalid or not available
WARNING: [Board 49-26] cannot add Board Part xilinx.com:vck190:part0:3.4 available at /tools/Xilinx/2025.1/data/xhub/boards/XilinxBoardStore/boards/Xilinx/vck190/production/3.4/board.xml as part xcvc1902-vsva2197-2mp-e-s specified in board_part file is either invalid or not available
WARNING: [Board 49-26] cannot add Board Part xilinx.com:vck190_newl:part0:1.0 available at /tools/Xilinx/2025.1/data/xhub/boards/XilinxBoardStore/boards/Xilinx/vck190_newl/production/1.0/board.xml as part xcvc1902-vsva2197-2mp-e-s specified in board_part file is either invalid or not available
WARNING: [Board 49-26] cannot add Board Part xilinx.com:vck190_newl:part0:1.1 available at /tools/Xilinx/2025.1/data/xhub/boards/XilinxBoardStore/boards/Xilinx/vck190_newl/production/1.1/board.xml as part xcvc1902-vsva2197-2mp-e-s specified in board_part file is either invalid or not available
WARNING: [Board 49-26] cannot add Board Part xilinx.com:vck190_newl:part0:1.2 available at /tools/Xilinx/2025.1/data/xhub/boards/XilinxBoardStore/boards/Xilinx/vck190_newl/production/1.2/board.xml as part xcvc1902-vsva2197-2mp-e-s specified in board_part file is either invalid or not available
WARNING: [Board 49-26] cannot add Board Part xilinx.com:vck190_newl:part0:1.3 available at /tools/Xilinx/2025.1/data/xhub/boards/XilinxBoardStore/boards/Xilinx/vck190_newl/production/1.3/board.xml as part xcvc1902-vsva2197-2mp-e-s specified in board_part file is either invalid or not available
WARNING: [Board 49-26] cannot add Board Part xilinx.com:vek280:part0:1.0 available at /tools/Xilinx/2025.1/data/xhub/boards/XilinxBoardStore/boards/Xilinx/vek280/production/1.0/board.xml as part xcve2802-vsvh1760-2mp-e-s specified in board_part file is either invalid or not available
WARNING: [Board 49-26] cannot add Board Part xilinx.com:vek280:part0:1.1 available at /tools/Xilinx/2025.1/data/xhub/boards/XilinxBoardStore/boards/Xilinx/vek280/production/1.1/board.xml as part xcve2802-vsvh1760-2mp-e-s specified in board_part file is either invalid or not available
WARNING: [Board 49-26] cannot add Board Part xilinx.com:vek280:part0:1.2 available at /tools/Xilinx/2025.1/data/xhub/boards/XilinxBoardStore/boards/Xilinx/vek280/production/1.2/board.xml as part xcve2802-vsvh1760-2mp-e-s specified in board_part file is either invalid or not available
WARNING: [Board 49-26] cannot add Board Part xilinx.com:vek385:part0:1.0 available at /tools/Xilinx/2025.1/data/xhub/boards/XilinxBoardStore/boards/Xilinx/vek385/1.0/board.xml as part xc2ve3858-ssva2112-2mp-e-s specified in board_part file is either invalid or not available
WARNING: [Board 49-26] cannot add Board Part xilinx.com:vhk158:part0:1.0 available at /tools/Xilinx/2025.1/data/xhub/boards/XilinxBoardStore/boards/Xilinx/vhk158/production/1.0/board.xml as part xcvh1582-vsva3697-2mp-e-s specified in board_part file is either invalid or not available
WARNING: [Board 49-26] cannot add Board Part xilinx.com:vhk158:part0:1.1 available at /tools/Xilinx/2025.1/data/xhub/boards/XilinxBoardStore/boards/Xilinx/vhk158/production/1.1/board.xml as part xcvh1582-vsva3697-2mp-e-s specified in board_part file is either invalid or not available
WARNING: [Board 49-26] cannot add Board Part xilinx.com:vhk158:part0:1.2 available at /tools/Xilinx/2025.1/data/xhub/boards/XilinxBoardStore/boards/Xilinx/vhk158/production/1.2/board.xml as part xcvh1582-vsva3697-2mp-e-s specified in board_part file is either invalid or not available
WARNING: [Board 49-26] cannot add Board Part xilinx.com:vmk180:part0:2.2 available at /tools/Xilinx/2025.1/data/xhub/boards/XilinxBoardStore/boards/Xilinx/vmk180/production/2.2/board.xml as part xcvm1802-vsva2197-2mp-e-s specified in board_part file is either invalid or not available
WARNING: [Board 49-26] cannot add Board Part xilinx.com:vmk180:part0:3.0 available at /tools/Xilinx/2025.1/data/xhub/boards/XilinxBoardStore/boards/Xilinx/vmk180/production/3.0/board.xml as part xcvm1802-vsva2197-2mp-e-s specified in board_part file is either invalid or not available
WARNING: [Board 49-26] cannot add Board Part xilinx.com:vmk180:part0:3.1 available at /tools/Xilinx/2025.1/data/xhub/boards/XilinxBoardStore/boards/Xilinx/vmk180/production/3.1/board.xml as part xcvm1802-vsva2197-2mp-e-s specified in board_part file is either invalid or not available
WARNING: [Board 49-26] cannot add Board Part xilinx.com:vmk180:part0:3.2 available at /tools/Xilinx/2025.1/data/xhub/boards/XilinxBoardStore/boards/Xilinx/vmk180/production/3.2/board.xml as part xcvm1802-vsva2197-2mp-e-s specified in board_part file is either invalid or not available
WARNING: [Board 49-26] cannot add Board Part xilinx.com:vmk180:part0:3.3 available at /tools/Xilinx/2025.1/data/xhub/boards/XilinxBoardStore/boards/Xilinx/vmk180/production/3.3/board.xml as part xcvm1802-vsva2197-2mp-e-s specified in board_part file is either invalid or not available
WARNING: [Board 49-26] cannot add Board Part xilinx.com:vmk180_newl:part0:1.0 available at /tools/Xilinx/2025.1/data/xhub/boards/XilinxBoardStore/boards/Xilinx/vmk180_newl/production/1.0/board.xml as part xcvm1802-vsva2197-2mp-e-s specified in board_part file is either invalid or not available
WARNING: [Board 49-26] cannot add Board Part xilinx.com:vmk180_newl:part0:1.1 available at /tools/Xilinx/2025.1/data/xhub/boards/XilinxBoardStore/boards/Xilinx/vmk180_newl/production/1.1/board.xml as part xcvm1802-vsva2197-2mp-e-s specified in board_part file is either invalid or not available
WARNING: [Board 49-26] cannot add Board Part xilinx.com:vpk120:part0:1.0 available at /tools/Xilinx/2025.1/data/xhub/boards/XilinxBoardStore/boards/Xilinx/vpk120/production/1.0/board.xml as part xcvp1202-vsva2785-2mp-e-s specified in board_part file is either invalid or not available
WARNING: [Board 49-26] cannot add Board Part xilinx.com:vpk120:part0:1.1 available at /tools/Xilinx/2025.1/data/xhub/boards/XilinxBoardStore/boards/Xilinx/vpk120/production/1.1/board.xml as part xcvp1202-vsva2785-2mp-e-s specified in board_part file is either invalid or not available
WARNING: [Board 49-26] cannot add Board Part xilinx.com:vpk120:part0:1.2 available at /tools/Xilinx/2025.1/data/xhub/boards/XilinxBoardStore/boards/Xilinx/vpk120/production/1.2/board.xml as part xcvp1202-vsva2785-2mp-e-s specified in board_part file is either invalid or not available
WARNING: [Board 49-26] cannot add Board Part xilinx.com:vpk180:part0:1.0 available at /tools/Xilinx/2025.1/data/xhub/boards/XilinxBoardStore/boards/Xilinx/vpk180/production/1.0/board.xml as part xcvp1802-lsvc4072-2mp-e-s specified in board_part file is either invalid or not available
WARNING: [Board 49-26] cannot add Board Part xilinx.com:vpk180:part0:1.1 available at /tools/Xilinx/2025.1/data/xhub/boards/XilinxBoardStore/boards/Xilinx/vpk180/production/1.1/board.xml as part xcvp1802-lsvc4072-2mp-e-s specified in board_part file is either invalid or not available
WARNING: [Board 49-26] cannot add Board Part xilinx.com:vpk180:part0:1.2 available at /tools/Xilinx/2025.1/data/xhub/boards/XilinxBoardStore/boards/Xilinx/vpk180/production/1.2/board.xml as part xcvp1802-lsvc4072-2mp-e-s specified in board_part file is either invalid or not available
WARNING: [Board 49-26] cannot add Board Part xilinx.com:zcu208ld:part0:2.0 available at /tools/Xilinx/2025.1/data/xhub/boards/XilinxBoardStore/boards/Xilinx/zcu208ld/production/2.0/board.xml as part xczu58dr-fsvg1517-2-i specified in board_part file is either invalid or not available
WARNING: [Board 49-26] cannot add Board Part xilinx.com:zcu216ld:part0:2.0 available at /tools/Xilinx/2025.1/data/xhub/boards/XilinxBoardStore/boards/Xilinx/zcu216ld/production/2.0/board.xml as part xczu59dr-ffvf1760-2-i specified in board_part file is either invalid or not available
WARNING: [Board 49-26] cannot add Board Part xilinx.com:zcu670ld:part0:1.0 available at /tools/Xilinx/2025.1/data/xhub/boards/XilinxBoardStore/boards/Xilinx/zcu670ld/1.0/board.xml as part xczu57dr-fsve1156-2-i specified in board_part file is either invalid or not available
open_project /home/dylanjb/Documents/qkd_bb84_phase/fpga/vivado/qkd_phase_bb84/qkd_phase_bb84.xpr
INFO: [Project 1-313] Project file moved from '/home/dylan/62410/qkd_bb84_phase/fpga/vivado/qkd_phase_bb84' since last save.
WARNING: [filemgmt 56-2] Board Part Repository Path: Could not find the directory '/home/dylanjb/6S965/.vivado/board_files', nor could it be found using path '/home/dylan/6S965/.vivado/board_files'.
INFO: [filemgmt 56-3] Default IP Output Path : Could not find the directory '/home/dylanjb/Documents/qkd_bb84_phase/fpga/vivado/qkd_phase_bb84/qkd_phase_bb84.gen/sources_1'.
WARNING: [filemgmt 56-3] IPUserFilesDir: Could not find the directory '/home/dylanjb/Documents/qkd_bb84_phase/fpga/vivado/qkd_phase_bb84/qkd_phase_bb84.ip_user_files'.
Scanning sources...
Finished scanning sources
WARNING: [Board 49-26] cannot add Board Part xilinx.com:emb-plus-vpr-4616:part0:1.0 available at /tools/Xilinx/2025.1/data/xhub/boards/XilinxBoardStore/boards/Xilinx/emb-plus-vpr-4616/1.0/board.xml as part xcve2302-sfva784-2mp-e-s specified in board_part file is either invalid or not available
WARNING: [Board 49-26] cannot add Board Part xilinx.com:emb-plus-vpr-4616:part0:1.1 available at /tools/Xilinx/2025.1/data/xhub/boards/XilinxBoardStore/boards/Xilinx/emb-plus-vpr-4616/1.1/board.xml as part xcve2302-sfva784-2mp-e-s specified in board_part file is either invalid or not available
WARNING: [Board 49-26] cannot add Board Part xilinx.com:v80:part0:1.0 available at /tools/Xilinx/2025.1/data/xhub/boards/XilinxBoardStore/boards/Xilinx/v80/1.0/board.xml as part xcv80-lsva4737-2mhp-e-s specified in board_part file is either invalid or not available
WARNING: [Board 49-26] cannot add Board Part xilinx.com:vck190:part0:2.2 available at /tools/Xilinx/2025.1/data/xhub/boards/XilinxBoardStore/boards/Xilinx/vck190/production/2.2/board.xml as part xcvc1902-vsva2197-2mp-e-s specified in board_part file is either invalid or not available
WARNING: [Board 49-26] cannot add Board Part xilinx.com:vck190:part0:3.0 available at /tools/Xilinx/2025.1/data/xhub/boards/XilinxBoardStore/boards/Xilinx/vck190/production/3.0/board.xml as part xcvc1902-vsva2197-2mp-e-s specified in board_part file is either invalid or not available
WARNING: [Board 49-26] cannot add Board Part xilinx.com:vck190:part0:3.1 available at /tools/Xilinx/2025.1/data/xhub/boards/XilinxBoardStore/boards/Xilinx/vck190/production/3.1/board.xml as part xcvc1902-vsva2197-2mp-e-s specified in board_part file is either invalid or not available
WARNING: [Board 49-26] cannot add Board Part xilinx.com:vck190:part0:3.2 available at /tools/Xilinx/2025.1/data/xhub/boards/XilinxBoardStore/boards/Xilinx/vck190/production/3.2/board.xml as part xcvc1902-vsva2197-2mp-e-s specified in board_part file is either invalid or not available
WARNING: [Board 49-26] cannot add Board Part xilinx.com:vck190:part0:3.3 available at /tools/Xilinx/2025.1/data/xhub/boards/XilinxBoardStore/boards/Xilinx/vck190/production/3.3/board.xml as part xcvc1902-vsva2197-2mp-e-s specified in board_part file is either invalid or not available
WARNING: [Board 49-26] cannot add Board Part xilinx.com:vck190:part0:3.4 available at /tools/Xilinx/2025.1/data/xhub/boards/XilinxBoardStore/boards/Xilinx/vck190/production/3.4/board.xml as part xcvc1902-vsva2197-2mp-e-s specified in board_part file is either invalid or not available
WARNING: [Board 49-26] cannot add Board Part xilinx.com:vck190_newl:part0:1.0 available at /tools/Xilinx/2025.1/data/xhub/boards/XilinxBoardStore/boards/Xilinx/vck190_newl/production/1.0/board.xml as part xcvc1902-vsva2197-2mp-e-s specified in board_part file is either invalid or not available
WARNING: [Board 49-26] cannot add Board Part xilinx.com:vck190_newl:part0:1.1 available at /tools/Xilinx/2025.1/data/xhub/boards/XilinxBoardStore/boards/Xilinx/vck190_newl/production/1.1/board.xml as part xcvc1902-vsva2197-2mp-e-s specified in board_part file is either invalid or not available
WARNING: [Board 49-26] cannot add Board Part xilinx.com:vck190_newl:part0:1.2 available at /tools/Xilinx/2025.1/data/xhub/boards/XilinxBoardStore/boards/Xilinx/vck190_newl/production/1.2/board.xml as part xcvc1902-vsva2197-2mp-e-s specified in board_part file is either invalid or not available
WARNING: [Board 49-26] cannot add Board Part xilinx.com:vck190_newl:part0:1.3 available at /tools/Xilinx/2025.1/data/xhub/boards/XilinxBoardStore/boards/Xilinx/vck190_newl/production/1.3/board.xml as part xcvc1902-vsva2197-2mp-e-s specified in board_part file is either invalid or not available
WARNING: [Board 49-26] cannot add Board Part xilinx.com:vek280:part0:1.0 available at /tools/Xilinx/2025.1/data/xhub/boards/XilinxBoardStore/boards/Xilinx/vek280/production/1.0/board.xml as part xcve2802-vsvh1760-2mp-e-s specified in board_part file is either invalid or not available
WARNING: [Board 49-26] cannot add Board Part xilinx.com:vek280:part0:1.1 available at /tools/Xilinx/2025.1/data/xhub/boards/XilinxBoardStore/boards/Xilinx/vek280/production/1.1/board.xml as part xcve2802-vsvh1760-2mp-e-s specified in board_part file is either invalid or not available
WARNING: [Board 49-26] cannot add Board Part xilinx.com:vek280:part0:1.2 available at /tools/Xilinx/2025.1/data/xhub/boards/XilinxBoardStore/boards/Xilinx/vek280/production/1.2/board.xml as part xcve2802-vsvh1760-2mp-e-s specified in board_part file is either invalid or not available
WARNING: [Board 49-26] cannot add Board Part xilinx.com:vek385:part0:1.0 available at /tools/Xilinx/2025.1/data/xhub/boards/XilinxBoardStore/boards/Xilinx/vek385/1.0/board.xml as part xc2ve3858-ssva2112-2mp-e-s specified in board_part file is either invalid or not available
WARNING: [Board 49-26] cannot add Board Part xilinx.com:vhk158:part0:1.0 available at /tools/Xilinx/2025.1/data/xhub/boards/XilinxBoardStore/boards/Xilinx/vhk158/production/1.0/board.xml as part xcvh1582-vsva3697-2mp-e-s specified in board_part file is either invalid or not available
WARNING: [Board 49-26] cannot add Board Part xilinx.com:vhk158:part0:1.1 available at /tools/Xilinx/2025.1/data/xhub/boards/XilinxBoardStore/boards/Xilinx/vhk158/production/1.1/board.xml as part xcvh1582-vsva3697-2mp-e-s specified in board_part file is either invalid or not available
WARNING: [Board 49-26] cannot add Board Part xilinx.com:vhk158:part0:1.2 available at /tools/Xilinx/2025.1/data/xhub/boards/XilinxBoardStore/boards/Xilinx/vhk158/production/1.2/board.xml as part xcvh1582-vsva3697-2mp-e-s specified in board_part file is either invalid or not available
WARNING: [Board 49-26] cannot add Board Part xilinx.com:vmk180:part0:2.2 available at /tools/Xilinx/2025.1/data/xhub/boards/XilinxBoardStore/boards/Xilinx/vmk180/production/2.2/board.xml as part xcvm1802-vsva2197-2mp-e-s specified in board_part file is either invalid or not available
WARNING: [Board 49-26] cannot add Board Part xilinx.com:vmk180:part0:3.0 available at /tools/Xilinx/2025.1/data/xhub/boards/XilinxBoardStore/boards/Xilinx/vmk180/production/3.0/board.xml as part xcvm1802-vsva2197-2mp-e-s specified in board_part file is either invalid or not available
WARNING: [Board 49-26] cannot add Board Part xilinx.com:vmk180:part0:3.1 available at /tools/Xilinx/2025.1/data/xhub/boards/XilinxBoardStore/boards/Xilinx/vmk180/production/3.1/board.xml as part xcvm1802-vsva2197-2mp-e-s specified in board_part file is either invalid or not available
WARNING: [Board 49-26] cannot add Board Part xilinx.com:vmk180:part0:3.2 available at /tools/Xilinx/2025.1/data/xhub/boards/XilinxBoardStore/boards/Xilinx/vmk180/production/3.2/board.xml as part xcvm1802-vsva2197-2mp-e-s specified in board_part file is either invalid or not available
WARNING: [Board 49-26] cannot add Board Part xilinx.com:vmk180:part0:3.3 available at /tools/Xilinx/2025.1/data/xhub/boards/XilinxBoardStore/boards/Xilinx/vmk180/production/3.3/board.xml as part xcvm1802-vsva2197-2mp-e-s specified in board_part file is either invalid or not available
WARNING: [Board 49-26] cannot add Board Part xilinx.com:vmk180_newl:part0:1.0 available at /tools/Xilinx/2025.1/data/xhub/boards/XilinxBoardStore/boards/Xilinx/vmk180_newl/production/1.0/board.xml as part xcvm1802-vsva2197-2mp-e-s specified in board_part file is either invalid or not available
WARNING: [Board 49-26] cannot add Board Part xilinx.com:vmk180_newl:part0:1.1 available at /tools/Xilinx/2025.1/data/xhub/boards/XilinxBoardStore/boards/Xilinx/vmk180_newl/production/1.1/board.xml as part xcvm1802-vsva2197-2mp-e-s specified in board_part file is either invalid or not available
WARNING: [Board 49-26] cannot add Board Part xilinx.com:vpk120:part0:1.0 available at /tools/Xilinx/2025.1/data/xhub/boards/XilinxBoardStore/boards/Xilinx/vpk120/production/1.0/board.xml as part xcvp1202-vsva2785-2mp-e-s specified in board_part file is either invalid or not available
WARNING: [Board 49-26] cannot add Board Part xilinx.com:vpk120:part0:1.1 available at /tools/Xilinx/2025.1/data/xhub/boards/XilinxBoardStore/boards/Xilinx/vpk120/production/1.1/board.xml as part xcvp1202-vsva2785-2mp-e-s specified in board_part file is either invalid or not available
WARNING: [Board 49-26] cannot add Board Part xilinx.com:vpk120:part0:1.2 available at /tools/Xilinx/2025.1/data/xhub/boards/XilinxBoardStore/boards/Xilinx/vpk120/production/1.2/board.xml as part xcvp1202-vsva2785-2mp-e-s specified in board_part file is either invalid or not available
WARNING: [Board 49-26] cannot add Board Part xilinx.com:vpk180:part0:1.0 available at /tools/Xilinx/2025.1/data/xhub/boards/XilinxBoardStore/boards/Xilinx/vpk180/production/1.0/board.xml as part xcvp1802-lsvc4072-2mp-e-s specified in board_part file is either invalid or not available
WARNING: [Board 49-26] cannot add Board Part xilinx.com:vpk180:part0:1.1 available at /tools/Xilinx/2025.1/data/xhub/boards/XilinxBoardStore/boards/Xilinx/vpk180/production/1.1/board.xml as part xcvp1802-lsvc4072-2mp-e-s specified in board_part file is either invalid or not available
WARNING: [Board 49-26] cannot add Board Part xilinx.com:vpk180:part0:1.2 available at /tools/Xilinx/2025.1/data/xhub/boards/XilinxBoardStore/boards/Xilinx/vpk180/production/1.2/board.xml as part xcvp1802-lsvc4072-2mp-e-s specified in board_part file is either invalid or not available
WARNING: [Board 49-26] cannot add Board Part xilinx.com:zcu208ld:part0:2.0 available at /tools/Xilinx/2025.1/data/xhub/boards/XilinxBoardStore/boards/Xilinx/zcu208ld/production/2.0/board.xml as part xczu58dr-fsvg1517-2-i specified in board_part file is either invalid or not available
WARNING: [Board 49-26] cannot add Board Part xilinx.com:zcu216ld:part0:2.0 available at /tools/Xilinx/2025.1/data/xhub/boards/XilinxBoardStore/boards/Xilinx/zcu216ld/production/2.0/board.xml as part xczu59dr-ffvf1760-2-i specified in board_part file is either invalid or not available
WARNING: [Board 49-26] cannot add Board Part xilinx.com:zcu670ld:part0:1.0 available at /tools/Xilinx/2025.1/data/xhub/boards/XilinxBoardStore/boards/Xilinx/zcu670ld/1.0/board.xml as part xczu57dr-fsve1156-2-i specified in board_part file is either invalid or not available
WARNING: [Project 1-5713] Board part '' set for the project  is not found. BoardPart property will be unset. Please select board from latest repo build 
INFO: [IP_Flow 19-234] Refreshing IP repositories
INFO: [IP_Flow 19-1704] No user IP repositories specified
INFO: [IP_Flow 19-2313] Loaded Vivado IP repository '/tools/Xilinx/2025.1/Vivado/data/ip'.
INFO: [PSU-0] Address Range of DDR (0x7ff00000 to 0x7fffffff) is reserved by PMU for internal purpose.
open_project: Time (s): cpu = 00:00:21 ; elapsed = 00:00:16 . Memory (MB): peak = 10133.410 ; gain = 333.562 ; free physical = 11023 ; free virtual = 31890
INFO: [IP_Flow 19-5107] Inferred bus interface 'm_axis_alice' of definition 'xilinx.com:interface:axis:1.0' (from Xilinx Repository).
INFO: [IP_Flow 19-5107] Inferred bus interface 'm_axis_bob' of definition 'xilinx.com:interface:axis:1.0' (from Xilinx Repository).
INFO: [IP_Flow 19-5107] Inferred bus interface 's_axi' of definition 'xilinx.com:interface:aximm:1.0' (from Xilinx Repository).
INFO: [IP_Flow 19-5107] Inferred bus interface 'rfdc_aresetn' of definition 'xilinx.com:signal:reset:1.0' (from Xilinx Repository).
INFO: [IP_Flow 19-5107] Inferred bus interface 's_axi_aresetn' of definition 'xilinx.com:signal:reset:1.0' (from Xilinx Repository).
INFO: [IP_Flow 19-5107] Inferred bus interface 'rfdc_aclk' of definition 'xilinx.com:signal:clock:1.0' (from Xilinx Repository).
INFO: [IP_Flow 19-5107] Inferred bus interface 's_axi_aclk' of definition 'xilinx.com:signal:clock:1.0' (from Xilinx Repository).
INFO: [IP_Flow 19-4728] Bus Interface 'rfdc_aresetn': Added interface parameter 'POLARITY' with value 'ACTIVE_LOW'.
INFO: [IP_Flow 19-4728] Bus Interface 's_axi_aresetn': Added interface parameter 'POLARITY' with value 'ACTIVE_LOW'.
INFO: [IP_Flow 19-4728] Bus Interface 's_axi_aclk': Added interface parameter 'ASSOCIATED_BUSIF' with value 's_axi'.
INFO: [IP_Flow 19-4728] Bus Interface 'rfdc_aclk': Added interface parameter 'ASSOCIATED_RESET' with value 'rfdc_aresetn'.
INFO: [IP_Flow 19-4728] Bus Interface 's_axi_aclk': Added interface parameter 'ASSOCIATED_RESET' with value 's_axi_aresetn'.
WARNING: [IP_Flow 19-3158] Bus Interface 'm_axis_alice': FREQ_HZ bus parameter missing from AXI interface when interface is not associated to a clock.
WARNING: [IP_Flow 19-3158] Bus Interface 'm_axis_bob': FREQ_HZ bus parameter missing from AXI interface when interface is not associated to a clock.
WARNING: [IP_Flow 19-5661] Bus Interface 'rfdc_aclk' does not have any bus interfaces associated with it.
WARNING: [IP_Flow 19-11770] Clock interface 'rfdc_aclk' has no FREQ_HZ parameter.
WARNING: [IP_Flow 19-11770] Clock interface 's_axi_aclk' has no FREQ_HZ parameter.
update_compile_order -fileset sources_1
open_bd_design {/home/dylanjb/Documents/qkd_bb84_phase/fpga/vivado/qkd_phase_bb84/qkd_phase_bb84.srcs/sources_1/bd/design_1/design_1.bd}
Reading block design file </home/dylanjb/Documents/qkd_bb84_phase/fpga/vivado/qkd_phase_bb84/qkd_phase_bb84.srcs/sources_1/bd/design_1/design_1.bd>...
Adding component instance block -- xilinx.com:ip:usp_rf_data_converter:2.6 - usp_rf_data_converter_0
INFO: Ultrascale+ RF Data Converter instance: Clock port 'dac0_clk' frequency is set to 50000000
INFO: Ultrascale+ RF Data Converter instance: Clock port 'dac1_clk' frequency is set to 200000000
Adding component instance block -- xilinx.com:ip:zynq_ultra_ps_e:3.5 - zynq_ultra_ps_e_0
INFO: [PSU-0] Address Range of DDR (0x7ff00000 to 0x7fffffff) is reserved by PMU for internal purpose.
Adding component instance block -- xilinx.com:ip:proc_sys_reset:5.0 - proc_sys_reset_0
Adding component instance block -- xilinx.com:ip:proc_sys_reset:5.0 - proc_sys_reset_1
Adding component instance block -- xilinx.com:module_ref:qkd_top_wrapper_bd:1.0 - qkd_top_wrapper_bd_0
INFO: [IP_Flow 19-5107] Inferred bus interface 'm_axis_alice' of definition 'xilinx.com:interface:axis:1.0' (from Xilinx Repository).
INFO: [IP_Flow 19-5107] Inferred bus interface 'm_axis_bob' of definition 'xilinx.com:interface:axis:1.0' (from Xilinx Repository).
INFO: [IP_Flow 19-5107] Inferred bus interface 's_axi' of definition 'xilinx.com:interface:aximm:1.0' (from Xilinx Repository).
INFO: [IP_Flow 19-5107] Inferred bus interface 'rfdc_aresetn' of definition 'xilinx.com:signal:reset:1.0' (from Xilinx Repository).
INFO: [IP_Flow 19-5107] Inferred bus interface 's_axi_aresetn' of definition 'xilinx.com:signal:reset:1.0' (from Xilinx Repository).
INFO: [IP_Flow 19-5107] Inferred bus interface 'rfdc_aclk' of definition 'xilinx.com:signal:clock:1.0' (from Xilinx Repository).
INFO: [IP_Flow 19-5107] Inferred bus interface 's_axi_aclk' of definition 'xilinx.com:signal:clock:1.0' (from Xilinx Repository).
INFO: [IP_Flow 19-4728] Bus Interface 'rfdc_aresetn': Added interface parameter 'POLARITY' with value 'ACTIVE_LOW'.
INFO: [IP_Flow 19-4728] Bus Interface 's_axi_aresetn': Added interface parameter 'POLARITY' with value 'ACTIVE_LOW'.
INFO: [IP_Flow 19-4728] Bus Interface 's_axi_aclk': Added interface parameter 'ASSOCIATED_BUSIF' with value 's_axi'.
INFO: [IP_Flow 19-4728] Bus Interface 'rfdc_aclk': Added interface parameter 'ASSOCIATED_RESET' with value 'rfdc_aresetn'.
INFO: [IP_Flow 19-4728] Bus Interface 's_axi_aclk': Added interface parameter 'ASSOCIATED_RESET' with value 's_axi_aresetn'.
WARNING: [IP_Flow 19-3158] Bus Interface 'm_axis_alice': FREQ_HZ bus parameter missing from AXI interface when interface is not associated to a clock.
WARNING: [IP_Flow 19-3158] Bus Interface 'm_axis_bob': FREQ_HZ bus parameter missing from AXI interface when interface is not associated to a clock.
WARNING: [IP_Flow 19-5661] Bus Interface 'rfdc_aclk' does not have any bus interfaces associated with it.
WARNING: [IP_Flow 19-11770] Clock interface 'rfdc_aclk' has no FREQ_HZ parameter.
WARNING: [IP_Flow 19-11770] Clock interface 's_axi_aclk' has no FREQ_HZ parameter.
INFO: [IP_Flow 19-3420] Updated design_1_qkd_top_wrapper_bd_0_0 to use current project options
Adding component instance block -- xilinx.com:ip:smartconnect:1.0 - axi_smc
Successfully read diagram <design_1> from block design file </home/dylanjb/Documents/qkd_bb84_phase/fpga/vivado/qkd_phase_bb84/qkd_phase_bb84.srcs/sources_1/bd/design_1/design_1.bd>
validate_bd_design
INFO: [BD 5-943] Reserving offset range <0x8000_0000 [ 4K ]> from slave interface '/axi_smc/S00_AXI' to master interface '/axi_smc/M00_AXI'. This will be used by smartconnect on path for routing.
INFO: [BD 5-943] Reserving offset range <0x8004_0000 [ 256K ]> from slave interface '/axi_smc/S00_AXI' to master interface '/axi_smc/M01_AXI'. This will be used by smartconnect on path for routing.
INFO: [xilinx.com:ip:smartconnect:1.0-1] design_1_axi_smc_0: SmartConnect design_1_axi_smc_0 is in Low-Area Mode.
CRITICAL WARNING: [BD 41-967] AXI interface pin /qkd_top_wrapper_bd_0/m_axis_alice is not associated to any clock pin. It may not work correctly.
CRITICAL WARNING: [BD 41-967] AXI interface pin /qkd_top_wrapper_bd_0/m_axis_bob is not associated to any clock pin. It may not work correctly.
save_bd_design
Wrote  : </home/dylanjb/Documents/qkd_bb84_phase/fpga/vivado/qkd_phase_bb84/qkd_phase_bb84.srcs/sources_1/bd/design_1/design_1.bd> 
Wrote  : </home/dylanjb/Documents/qkd_bb84_phase/fpga/vivado/qkd_phase_bb84/qkd_phase_bb84.srcs/sources_1/bd/design_1/ui/bd_1f5defd0.ui> 
generate_target all [get_files  /home/dylanjb/Documents/qkd_bb84_phase/fpga/vivado/qkd_phase_bb84/qkd_phase_bb84.srcs/sources_1/bd/design_1/design_1.bd]
INFO: [BD 41-1662] The design 'design_1.bd' is already validated. Therefore parameter propagation will not be re-run.
Verilog Output written to : /home/dylanjb/Documents/qkd_bb84_phase/fpga/vivado/qkd_phase_bb84/qkd_phase_bb84.gen/sources_1/bd/design_1/synth/design_1.v
Verilog Output written to : /home/dylanjb/Documents/qkd_bb84_phase/fpga/vivado/qkd_phase_bb84/qkd_phase_bb84.gen/sources_1/bd/design_1/sim/design_1.v
Verilog Output written to : /home/dylanjb/Documents/qkd_bb84_phase/fpga/vivado/qkd_phase_bb84/qkd_phase_bb84.gen/sources_1/bd/design_1/hdl/design_1_wrapper.v
INFO: [BD 41-1029] Generation completed for the IP Integrator block usp_rf_data_converter_0 .
INFO: [xilinx.com:ip:zynq_ultra_ps_e:3.5-0] design_1_zynq_ultra_ps_e_0_0: 
Changes in your design (including the PCW configuration settings) are not automatically exported from Vivado to Amd's SDK, Petalinux or Yocto.
This is by design to avoid disrupting existing embedded development efforts. To have any changes of your design taking effect in the embedded software flow please export your
design by going through Vivado's main menu, click on File, then Export finally select Export Hardware, please ensure you click on the Include BitStream option.
The auto-generated HDF file is all you need to import in Amd's SDK, Petalinux or Yocto for your changes to be reflected in the Embedded Software Flow.
For more information, please consult PG201, section: Exporting PCW Settings to Embedded Software Flows
INFO: [PSU-0] Address Range of DDR (0x7ff00000 to 0x7fffffff) is reserved by PMU for internal purpose.
INFO: [IP_Flow 19-5611] Unable to find an associated reset port for the interface 'M_AXI_HPM0_LPD'. A default connection has been created.
INFO: [BD 41-1029] Generation completed for the IP Integrator block zynq_ultra_ps_e_0 .
INFO: [BD 41-1029] Generation completed for the IP Integrator block proc_sys_reset_0 .
INFO: [BD 41-1029] Generation completed for the IP Integrator block proc_sys_reset_1 .
INFO: [BD 41-1029] Generation completed for the IP Integrator block qkd_top_wrapper_bd_0 .
WARNING: [BD 41-2384] Width mismatch when connecting pin: '/s00_nodes/s00_ar_node/s_sc_payld'(168) to pin: '/s00_nodes/S_SC_AR_payld'(164) - Only lower order bits will be connected.
WARNING: [BD 41-2384] Width mismatch when connecting pin: '/s00_nodes/s00_aw_node/s_sc_payld'(168) to pin: '/s00_nodes/S_SC_AW_payld'(164) - Only lower order bits will be connected.
WARNING: [BD 41-2384] Width mismatch when connecting pin: '/m00_nodes/m00_r_node/s_sc_payld'(55) to pin: '/m00_nodes/S_SC_R_payld'(53) - Only lower order bits will be connected.
WARNING: [BD 41-2384] Width mismatch when connecting pin: '/m00_nodes/m00_b_node/s_sc_payld'(9) to pin: '/m00_nodes/S_SC_B_payld'(7) - Only lower order bits will be connected.
WARNING: [BD 41-2384] Width mismatch when connecting pin: '/m01_nodes/m01_r_node/s_sc_payld'(55) to pin: '/m01_nodes/S_SC_R_payld'(53) - Only lower order bits will be connected.
WARNING: [BD 41-2384] Width mismatch when connecting pin: '/m01_nodes/m01_b_node/s_sc_payld'(9) to pin: '/m01_nodes/S_SC_B_payld'(7) - Only lower order bits will be connected.
WARNING: [BD 41-2384] Width mismatch when connecting pin: '/s00_axi2sc/s_sc_r_payld'(53) to pin: '/s00_nodes/M_SC_R_payld'(55) - Only lower order bits will be connected.
WARNING: [BD 41-2384] Width mismatch when connecting pin: '/s00_axi2sc/s_sc_b_payld'(7) to pin: '/s00_nodes/M_SC_B_payld'(9) - Only lower order bits will be connected.
WARNING: [BD 41-2384] Width mismatch when connecting pin: '/m00_sc2axi/s_sc_ar_payld'(164) to pin: '/m00_nodes/M_SC_AR_payld'(168) - Only lower order bits will be connected.
WARNING: [BD 41-2384] Width mismatch when connecting pin: '/m00_sc2axi/s_sc_aw_payld'(164) to pin: '/m00_nodes/M_SC_AW_payld'(168) - Only lower order bits will be connected.
WARNING: [BD 41-2384] Width mismatch when connecting pin: '/m01_sc2axi/s_sc_ar_payld'(164) to pin: '/m01_nodes/M_SC_AR_payld'(168) - Only lower order bits will be connected.
WARNING: [BD 41-2384] Width mismatch when connecting pin: '/m01_sc2axi/s_sc_aw_payld'(164) to pin: '/m01_nodes/M_SC_AW_payld'(168) - Only lower order bits will be connected.
WARNING: [BD 41-2384] Width mismatch when connecting pin: '/s00_nodes/s00_ar_node/s_sc_payld'(168) to pin: '/s00_nodes/S_SC_AR_payld'(164) - Only lower order bits will be connected.
WARNING: [BD 41-2384] Width mismatch when connecting pin: '/s00_nodes/s00_aw_node/s_sc_payld'(168) to pin: '/s00_nodes/S_SC_AW_payld'(164) - Only lower order bits will be connected.
WARNING: [BD 41-2384] Width mismatch when connecting pin: '/m00_nodes/m00_r_node/s_sc_payld'(55) to pin: '/m00_nodes/S_SC_R_payld'(53) - Only lower order bits will be connected.
WARNING: [BD 41-2384] Width mismatch when connecting pin: '/m00_nodes/m00_b_node/s_sc_payld'(9) to pin: '/m00_nodes/S_SC_B_payld'(7) - Only lower order bits will be connected.
WARNING: [BD 41-2384] Width mismatch when connecting pin: '/m01_nodes/m01_r_node/s_sc_payld'(55) to pin: '/m01_nodes/S_SC_R_payld'(53) - Only lower order bits will be connected.
WARNING: [BD 41-2384] Width mismatch when connecting pin: '/m01_nodes/m01_b_node/s_sc_payld'(9) to pin: '/m01_nodes/S_SC_B_payld'(7) - Only lower order bits will be connected.
WARNING: [BD 41-2384] Width mismatch when connecting pin: '/s00_axi2sc/s_sc_r_payld'(53) to pin: '/s00_nodes/M_SC_R_payld'(55) - Only lower order bits will be connected.
WARNING: [BD 41-2384] Width mismatch when connecting pin: '/s00_axi2sc/s_sc_b_payld'(7) to pin: '/s00_nodes/M_SC_B_payld'(9) - Only lower order bits will be connected.
WARNING: [BD 41-2384] Width mismatch when connecting pin: '/m00_sc2axi/s_sc_ar_payld'(164) to pin: '/m00_nodes/M_SC_AR_payld'(168) - Only lower order bits will be connected.
WARNING: [BD 41-2384] Width mismatch when connecting pin: '/m00_sc2axi/s_sc_aw_payld'(164) to pin: '/m00_nodes/M_SC_AW_payld'(168) - Only lower order bits will be connected.
WARNING: [BD 41-2384] Width mismatch when connecting pin: '/m01_sc2axi/s_sc_ar_payld'(164) to pin: '/m01_nodes/M_SC_AR_payld'(168) - Only lower order bits will be connected.
WARNING: [BD 41-2384] Width mismatch when connecting pin: '/m01_sc2axi/s_sc_aw_payld'(164) to pin: '/m01_nodes/M_SC_AW_payld'(168) - Only lower order bits will be connected.
Exporting to file /home/dylanjb/Documents/qkd_bb84_phase/fpga/vivado/qkd_phase_bb84/qkd_phase_bb84.gen/sources_1/bd/design_1/ip/design_1_axi_smc_0/bd_0/hw_handoff/design_1_axi_smc_0.hwh
Generated Hardware Definition File /home/dylanjb/Documents/qkd_bb84_phase/fpga/vivado/qkd_phase_bb84/qkd_phase_bb84.gen/sources_1/bd/design_1/ip/design_1_axi_smc_0/bd_0/synth/design_1_axi_smc_0.hwdef
INFO: [BD 41-1029] Generation completed for the IP Integrator block axi_smc .
Exporting to file /home/dylanjb/Documents/qkd_bb84_phase/fpga/vivado/qkd_phase_bb84/qkd_phase_bb84.gen/sources_1/bd/design_1/hw_handoff/design_1.hwh
Generated Hardware Definition File /home/dylanjb/Documents/qkd_bb84_phase/fpga/vivado/qkd_phase_bb84/qkd_phase_bb84.gen/sources_1/bd/design_1/synth/design_1.hwdef
generate_target: Time (s): cpu = 00:00:18 ; elapsed = 00:00:18 . Memory (MB): peak = 10411.477 ; gain = 0.000 ; free physical = 10758 ; free virtual = 31680
catch { config_ip_cache -export [get_ips -all design_1_usp_rf_data_converter_0_0] }
catch { config_ip_cache -export [get_ips -all design_1_zynq_ultra_ps_e_0_0] }
catch { config_ip_cache -export [get_ips -all design_1_proc_sys_reset_0_0] }
catch { config_ip_cache -export [get_ips -all design_1_proc_sys_reset_0_1] }
catch { config_ip_cache -export [get_ips -all design_1_axi_smc_0] }
export_ip_user_files -of_objects [get_files /home/dylanjb/Documents/qkd_bb84_phase/fpga/vivado/qkd_phase_bb84/qkd_phase_bb84.srcs/sources_1/bd/design_1/design_1.bd] -no_script -sync -force -quiet
create_ip_run [get_files -of_objects [get_fileset sources_1] /home/dylanjb/Documents/qkd_bb84_phase/fpga/vivado/qkd_phase_bb84/qkd_phase_bb84.srcs/sources_1/bd/design_1/design_1.bd]
launch_runs design_1_axi_smc_0_synth_1 design_1_proc_sys_reset_0_0_synth_1 design_1_proc_sys_reset_0_1_synth_1 design_1_qkd_top_wrapper_bd_0_0_synth_1 design_1_usp_rf_data_converter_0_0_synth_1 design_1_zynq_ultra_ps_e_0_0_synth_1 -jobs 8
[Wed Apr 29 20:04:27 2026] Launched design_1_axi_smc_0_synth_1, design_1_proc_sys_reset_0_0_synth_1, design_1_proc_sys_reset_0_1_synth_1, design_1_qkd_top_wrapper_bd_0_0_synth_1, design_1_usp_rf_data_converter_0_0_synth_1, design_1_zynq_ultra_ps_e_0_0_synth_1...
Run output will be captured here:
design_1_axi_smc_0_synth_1: /home/dylanjb/Documents/qkd_bb84_phase/fpga/vivado/qkd_phase_bb84/qkd_phase_bb84.runs/design_1_axi_smc_0_synth_1/runme.log
design_1_proc_sys_reset_0_0_synth_1: /home/dylanjb/Documents/qkd_bb84_phase/fpga/vivado/qkd_phase_bb84/qkd_phase_bb84.runs/design_1_proc_sys_reset_0_0_synth_1/runme.log
design_1_proc_sys_reset_0_1_synth_1: /home/dylanjb/Documents/qkd_bb84_phase/fpga/vivado/qkd_phase_bb84/qkd_phase_bb84.runs/design_1_proc_sys_reset_0_1_synth_1/runme.log
design_1_qkd_top_wrapper_bd_0_0_synth_1: /home/dylanjb/Documents/qkd_bb84_phase/fpga/vivado/qkd_phase_bb84/qkd_phase_bb84.runs/design_1_qkd_top_wrapper_bd_0_0_synth_1/runme.log
design_1_usp_rf_data_converter_0_0_synth_1: /home/dylanjb/Documents/qkd_bb84_phase/fpga/vivado/qkd_phase_bb84/qkd_phase_bb84.runs/design_1_usp_rf_data_converter_0_0_synth_1/runme.log
design_1_zynq_ultra_ps_e_0_0_synth_1: /home/dylanjb/Documents/qkd_bb84_phase/fpga/vivado/qkd_phase_bb84/qkd_phase_bb84.runs/design_1_zynq_ultra_ps_e_0_0_synth_1/runme.log
export_simulation -lib_map_path [list {modelsim=/home/dylanjb/Documents/qkd_bb84_phase/fpga/vivado/qkd_phase_bb84/qkd_phase_bb84.cache/compile_simlib/modelsim} {questa=/home/dylanjb/Documents/qkd_bb84_phase/fpga/vivado/qkd_phase_bb84/qkd_phase_bb84.cache/compile_simlib/questa} {xcelium=/home/dylanjb/Documents/qkd_bb84_phase/fpga/vivado/qkd_phase_bb84/qkd_phase_bb84.cache/compile_simlib/xcelium} {vcs=/home/dylanjb/Documents/qkd_bb84_phase/fpga/vivado/qkd_phase_bb84/qkd_phase_bb84.cache/compile_simlib/vcs} {riviera=/home/dylanjb/Documents/qkd_bb84_phase/fpga/vivado/qkd_phase_bb84/qkd_phase_bb84.cache/compile_simlib/riviera}] -of_objects [get_files /home/dylanjb/Documents/qkd_bb84_phase/fpga/vivado/qkd_phase_bb84/qkd_phase_bb84.srcs/sources_1/bd/design_1/design_1.bd] -directory /home/dylanjb/Documents/qkd_bb84_phase/fpga/vivado/qkd_phase_bb84/qkd_phase_bb84.ip_user_files/sim_scripts -ip_user_files_dir /home/dylanjb/Documents/qkd_bb84_phase/fpga/vivado/qkd_phase_bb84/qkd_phase_bb84.ip_user_files -ipstatic_source_dir /home/dylanjb/Documents/qkd_bb84_phase/fpga/vivado/qkd_phase_bb84/qkd_phase_bb84.ip_user_files/ipstatic -use_ip_compiled_libs -force -quiet
WARNING: [Board 49-26] cannot add Board Part xilinx.com:emb-plus-vpr-4616:part0:1.0 available at /tools/Xilinx/2025.1/data/xhub/boards/XilinxBoardStore/boards/Xilinx/emb-plus-vpr-4616/1.0/board.xml as part xcve2302-sfva784-2mp-e-s specified in board_part file is either invalid or not available
WARNING: [Board 49-26] cannot add Board Part xilinx.com:emb-plus-vpr-4616:part0:1.1 available at /tools/Xilinx/2025.1/data/xhub/boards/XilinxBoardStore/boards/Xilinx/emb-plus-vpr-4616/1.1/board.xml as part xcve2302-sfva784-2mp-e-s specified in board_part file is either invalid or not available
WARNING: [Board 49-26] cannot add Board Part xilinx.com:v80:part0:1.0 available at /tools/Xilinx/2025.1/data/xhub/boards/XilinxBoardStore/boards/Xilinx/v80/1.0/board.xml as part xcv80-lsva4737-2mhp-e-s specified in board_part file is either invalid or not available
WARNING: [Board 49-26] cannot add Board Part xilinx.com:vck190:part0:2.2 available at /tools/Xilinx/2025.1/data/xhub/boards/XilinxBoardStore/boards/Xilinx/vck190/production/2.2/board.xml as part xcvc1902-vsva2197-2mp-e-s specified in board_part file is either invalid or not available
WARNING: [Board 49-26] cannot add Board Part xilinx.com:vck190:part0:3.0 available at /tools/Xilinx/2025.1/data/xhub/boards/XilinxBoardStore/boards/Xilinx/vck190/production/3.0/board.xml as part xcvc1902-vsva2197-2mp-e-s specified in board_part file is either invalid or not available
WARNING: [Board 49-26] cannot add Board Part xilinx.com:vck190:part0:3.1 available at /tools/Xilinx/2025.1/data/xhub/boards/XilinxBoardStore/boards/Xilinx/vck190/production/3.1/board.xml as part xcvc1902-vsva2197-2mp-e-s specified in board_part file is either invalid or not available
WARNING: [Board 49-26] cannot add Board Part xilinx.com:vck190:part0:3.2 available at /tools/Xilinx/2025.1/data/xhub/boards/XilinxBoardStore/boards/Xilinx/vck190/production/3.2/board.xml as part xcvc1902-vsva2197-2mp-e-s specified in board_part file is either invalid or not available
WARNING: [Board 49-26] cannot add Board Part xilinx.com:vck190:part0:3.3 available at /tools/Xilinx/2025.1/data/xhub/boards/XilinxBoardStore/boards/Xilinx/vck190/production/3.3/board.xml as part xcvc1902-vsva2197-2mp-e-s specified in board_part file is either invalid or not available
WARNING: [Board 49-26] cannot add Board Part xilinx.com:vck190:part0:3.4 available at /tools/Xilinx/2025.1/data/xhub/boards/XilinxBoardStore/boards/Xilinx/vck190/production/3.4/board.xml as part xcvc1902-vsva2197-2mp-e-s specified in board_part file is either invalid or not available
WARNING: [Board 49-26] cannot add Board Part xilinx.com:vck190_newl:part0:1.0 available at /tools/Xilinx/2025.1/data/xhub/boards/XilinxBoardStore/boards/Xilinx/vck190_newl/production/1.0/board.xml as part xcvc1902-vsva2197-2mp-e-s specified in board_part file is either invalid or not available
WARNING: [Board 49-26] cannot add Board Part xilinx.com:vck190_newl:part0:1.1 available at /tools/Xilinx/2025.1/data/xhub/boards/XilinxBoardStore/boards/Xilinx/vck190_newl/production/1.1/board.xml as part xcvc1902-vsva2197-2mp-e-s specified in board_part file is either invalid or not available
WARNING: [Board 49-26] cannot add Board Part xilinx.com:vck190_newl:part0:1.2 available at /tools/Xilinx/2025.1/data/xhub/boards/XilinxBoardStore/boards/Xilinx/vck190_newl/production/1.2/board.xml as part xcvc1902-vsva2197-2mp-e-s specified in board_part file is either invalid or not available
WARNING: [Board 49-26] cannot add Board Part xilinx.com:vck190_newl:part0:1.3 available at /tools/Xilinx/2025.1/data/xhub/boards/XilinxBoardStore/boards/Xilinx/vck190_newl/production/1.3/board.xml as part xcvc1902-vsva2197-2mp-e-s specified in board_part file is either invalid or not available
WARNING: [Board 49-26] cannot add Board Part xilinx.com:vek280:part0:1.0 available at /tools/Xilinx/2025.1/data/xhub/boards/XilinxBoardStore/boards/Xilinx/vek280/production/1.0/board.xml as part xcve2802-vsvh1760-2mp-e-s specified in board_part file is either invalid or not available
WARNING: [Board 49-26] cannot add Board Part xilinx.com:vek280:part0:1.1 available at /tools/Xilinx/2025.1/data/xhub/boards/XilinxBoardStore/boards/Xilinx/vek280/production/1.1/board.xml as part xcve2802-vsvh1760-2mp-e-s specified in board_part file is either invalid or not available
WARNING: [Board 49-26] cannot add Board Part xilinx.com:vek280:part0:1.2 available at /tools/Xilinx/2025.1/data/xhub/boards/XilinxBoardStore/boards/Xilinx/vek280/production/1.2/board.xml as part xcve2802-vsvh1760-2mp-e-s specified in board_part file is either invalid or not available
WARNING: [Board 49-26] cannot add Board Part xilinx.com:vek385:part0:1.0 available at /tools/Xilinx/2025.1/data/xhub/boards/XilinxBoardStore/boards/Xilinx/vek385/1.0/board.xml as part xc2ve3858-ssva2112-2mp-e-s specified in board_part file is either invalid or not available
WARNING: [Board 49-26] cannot add Board Part xilinx.com:vhk158:part0:1.0 available at /tools/Xilinx/2025.1/data/xhub/boards/XilinxBoardStore/boards/Xilinx/vhk158/production/1.0/board.xml as part xcvh1582-vsva3697-2mp-e-s specified in board_part file is either invalid or not available
WARNING: [Board 49-26] cannot add Board Part xilinx.com:vhk158:part0:1.1 available at /tools/Xilinx/2025.1/data/xhub/boards/XilinxBoardStore/boards/Xilinx/vhk158/production/1.1/board.xml as part xcvh1582-vsva3697-2mp-e-s specified in board_part file is either invalid or not available
WARNING: [Board 49-26] cannot add Board Part xilinx.com:vhk158:part0:1.2 available at /tools/Xilinx/2025.1/data/xhub/boards/XilinxBoardStore/boards/Xilinx/vhk158/production/1.2/board.xml as part xcvh1582-vsva3697-2mp-e-s specified in board_part file is either invalid or not available
WARNING: [Board 49-26] cannot add Board Part xilinx.com:vmk180:part0:2.2 available at /tools/Xilinx/2025.1/data/xhub/boards/XilinxBoardStore/boards/Xilinx/vmk180/production/2.2/board.xml as part xcvm1802-vsva2197-2mp-e-s specified in board_part file is either invalid or not available
WARNING: [Board 49-26] cannot add Board Part xilinx.com:vmk180:part0:3.0 available at /tools/Xilinx/2025.1/data/xhub/boards/XilinxBoardStore/boards/Xilinx/vmk180/production/3.0/board.xml as part xcvm1802-vsva2197-2mp-e-s specified in board_part file is either invalid or not available
WARNING: [Board 49-26] cannot add Board Part xilinx.com:vmk180:part0:3.1 available at /tools/Xilinx/2025.1/data/xhub/boards/XilinxBoardStore/boards/Xilinx/vmk180/production/3.1/board.xml as part xcvm1802-vsva2197-2mp-e-s specified in board_part file is either invalid or not available
WARNING: [Board 49-26] cannot add Board Part xilinx.com:vmk180:part0:3.2 available at /tools/Xilinx/2025.1/data/xhub/boards/XilinxBoardStore/boards/Xilinx/vmk180/production/3.2/board.xml as part xcvm1802-vsva2197-2mp-e-s specified in board_part file is either invalid or not available
WARNING: [Board 49-26] cannot add Board Part xilinx.com:vmk180:part0:3.3 available at /tools/Xilinx/2025.1/data/xhub/boards/XilinxBoardStore/boards/Xilinx/vmk180/production/3.3/board.xml as part xcvm1802-vsva2197-2mp-e-s specified in board_part file is either invalid or not available
WARNING: [Board 49-26] cannot add Board Part xilinx.com:vmk180_newl:part0:1.0 available at /tools/Xilinx/2025.1/data/xhub/boards/XilinxBoardStore/boards/Xilinx/vmk180_newl/production/1.0/board.xml as part xcvm1802-vsva2197-2mp-e-s specified in board_part file is either invalid or not available
WARNING: [Board 49-26] cannot add Board Part xilinx.com:vmk180_newl:part0:1.1 available at /tools/Xilinx/2025.1/data/xhub/boards/XilinxBoardStore/boards/Xilinx/vmk180_newl/production/1.1/board.xml as part xcvm1802-vsva2197-2mp-e-s specified in board_part file is either invalid or not available
WARNING: [Board 49-26] cannot add Board Part xilinx.com:vpk120:part0:1.0 available at /tools/Xilinx/2025.1/data/xhub/boards/XilinxBoardStore/boards/Xilinx/vpk120/production/1.0/board.xml as part xcvp1202-vsva2785-2mp-e-s specified in board_part file is either invalid or not available
WARNING: [Board 49-26] cannot add Board Part xilinx.com:vpk120:part0:1.1 available at /tools/Xilinx/2025.1/data/xhub/boards/XilinxBoardStore/boards/Xilinx/vpk120/production/1.1/board.xml as part xcvp1202-vsva2785-2mp-e-s specified in board_part file is either invalid or not available
WARNING: [Board 49-26] cannot add Board Part xilinx.com:vpk120:part0:1.2 available at /tools/Xilinx/2025.1/data/xhub/boards/XilinxBoardStore/boards/Xilinx/vpk120/production/1.2/board.xml as part xcvp1202-vsva2785-2mp-e-s specified in board_part file is either invalid or not available
WARNING: [Board 49-26] cannot add Board Part xilinx.com:vpk180:part0:1.0 available at /tools/Xilinx/2025.1/data/xhub/boards/XilinxBoardStore/boards/Xilinx/vpk180/production/1.0/board.xml as part xcvp1802-lsvc4072-2mp-e-s specified in board_part file is either invalid or not available
WARNING: [Board 49-26] cannot add Board Part xilinx.com:vpk180:part0:1.1 available at /tools/Xilinx/2025.1/data/xhub/boards/XilinxBoardStore/boards/Xilinx/vpk180/production/1.1/board.xml as part xcvp1802-lsvc4072-2mp-e-s specified in board_part file is either invalid or not available
WARNING: [Board 49-26] cannot add Board Part xilinx.com:vpk180:part0:1.2 available at /tools/Xilinx/2025.1/data/xhub/boards/XilinxBoardStore/boards/Xilinx/vpk180/production/1.2/board.xml as part xcvp1802-lsvc4072-2mp-e-s specified in board_part file is either invalid or not available
WARNING: [Board 49-26] cannot add Board Part xilinx.com:zcu208ld:part0:2.0 available at /tools/Xilinx/2025.1/data/xhub/boards/XilinxBoardStore/boards/Xilinx/zcu208ld/production/2.0/board.xml as part xczu58dr-fsvg1517-2-i specified in board_part file is either invalid or not available
WARNING: [Board 49-26] cannot add Board Part xilinx.com:zcu216ld:part0:2.0 available at /tools/Xilinx/2025.1/data/xhub/boards/XilinxBoardStore/boards/Xilinx/zcu216ld/production/2.0/board.xml as part xczu59dr-ffvf1760-2-i specified in board_part file is either invalid or not available
WARNING: [Board 49-26] cannot add Board Part xilinx.com:zcu670ld:part0:1.0 available at /tools/Xilinx/2025.1/data/xhub/boards/XilinxBoardStore/boards/Xilinx/zcu670ld/1.0/board.xml as part xczu57dr-fsve1156-2-i specified in board_part file is either invalid or not available
WARNING: [Board 49-26] cannot add Board Part xilinx.com:emb-plus-vpr-4616:part0:1.0 available at /tools/Xilinx/2025.1/data/xhub/boards/XilinxBoardStore/boards/Xilinx/emb-plus-vpr-4616/1.0/board.xml as part xcve2302-sfva784-2mp-e-s specified in board_part file is either invalid or not available
WARNING: [Board 49-26] cannot add Board Part xilinx.com:emb-plus-vpr-4616:part0:1.1 available at /tools/Xilinx/2025.1/data/xhub/boards/XilinxBoardStore/boards/Xilinx/emb-plus-vpr-4616/1.1/board.xml as part xcve2302-sfva784-2mp-e-s specified in board_part file is either invalid or not available
WARNING: [Board 49-26] cannot add Board Part xilinx.com:v80:part0:1.0 available at /tools/Xilinx/2025.1/data/xhub/boards/XilinxBoardStore/boards/Xilinx/v80/1.0/board.xml as part xcv80-lsva4737-2mhp-e-s specified in board_part file is either invalid or not available
WARNING: [Board 49-26] cannot add Board Part xilinx.com:vck190:part0:2.2 available at /tools/Xilinx/2025.1/data/xhub/boards/XilinxBoardStore/boards/Xilinx/vck190/production/2.2/board.xml as part xcvc1902-vsva2197-2mp-e-s specified in board_part file is either invalid or not available
WARNING: [Board 49-26] cannot add Board Part xilinx.com:vck190:part0:3.0 available at /tools/Xilinx/2025.1/data/xhub/boards/XilinxBoardStore/boards/Xilinx/vck190/production/3.0/board.xml as part xcvc1902-vsva2197-2mp-e-s specified in board_part file is either invalid or not available
WARNING: [Board 49-26] cannot add Board Part xilinx.com:vck190:part0:3.1 available at /tools/Xilinx/2025.1/data/xhub/boards/XilinxBoardStore/boards/Xilinx/vck190/production/3.1/board.xml as part xcvc1902-vsva2197-2mp-e-s specified in board_part file is either invalid or not available
WARNING: [Board 49-26] cannot add Board Part xilinx.com:vck190:part0:3.2 available at /tools/Xilinx/2025.1/data/xhub/boards/XilinxBoardStore/boards/Xilinx/vck190/production/3.2/board.xml as part xcvc1902-vsva2197-2mp-e-s specified in board_part file is either invalid or not available
WARNING: [Board 49-26] cannot add Board Part xilinx.com:vck190:part0:3.3 available at /tools/Xilinx/2025.1/data/xhub/boards/XilinxBoardStore/boards/Xilinx/vck190/production/3.3/board.xml as part xcvc1902-vsva2197-2mp-e-s specified in board_part file is either invalid or not available
WARNING: [Board 49-26] cannot add Board Part xilinx.com:vck190:part0:3.4 available at /tools/Xilinx/2025.1/data/xhub/boards/XilinxBoardStore/boards/Xilinx/vck190/production/3.4/board.xml as part xcvc1902-vsva2197-2mp-e-s specified in board_part file is either invalid or not available
WARNING: [Board 49-26] cannot add Board Part xilinx.com:vck190_newl:part0:1.0 available at /tools/Xilinx/2025.1/data/xhub/boards/XilinxBoardStore/boards/Xilinx/vck190_newl/production/1.0/board.xml as part xcvc1902-vsva2197-2mp-e-s specified in board_part file is either invalid or not available
WARNING: [Board 49-26] cannot add Board Part xilinx.com:vck190_newl:part0:1.1 available at /tools/Xilinx/2025.1/data/xhub/boards/XilinxBoardStore/boards/Xilinx/vck190_newl/production/1.1/board.xml as part xcvc1902-vsva2197-2mp-e-s specified in board_part file is either invalid or not available
WARNING: [Board 49-26] cannot add Board Part xilinx.com:vck190_newl:part0:1.2 available at /tools/Xilinx/2025.1/data/xhub/boards/XilinxBoardStore/boards/Xilinx/vck190_newl/production/1.2/board.xml as part xcvc1902-vsva2197-2mp-e-s specified in board_part file is either invalid or not available
WARNING: [Board 49-26] cannot add Board Part xilinx.com:vck190_newl:part0:1.3 available at /tools/Xilinx/2025.1/data/xhub/boards/XilinxBoardStore/boards/Xilinx/vck190_newl/production/1.3/board.xml as part xcvc1902-vsva2197-2mp-e-s specified in board_part file is either invalid or not available
WARNING: [Board 49-26] cannot add Board Part xilinx.com:vek280:part0:1.0 available at /tools/Xilinx/2025.1/data/xhub/boards/XilinxBoardStore/boards/Xilinx/vek280/production/1.0/board.xml as part xcve2802-vsvh1760-2mp-e-s specified in board_part file is either invalid or not available
WARNING: [Board 49-26] cannot add Board Part xilinx.com:vek280:part0:1.1 available at /tools/Xilinx/2025.1/data/xhub/boards/XilinxBoardStore/boards/Xilinx/vek280/production/1.1/board.xml as part xcve2802-vsvh1760-2mp-e-s specified in board_part file is either invalid or not available
WARNING: [Board 49-26] cannot add Board Part xilinx.com:vek280:part0:1.2 available at /tools/Xilinx/2025.1/data/xhub/boards/XilinxBoardStore/boards/Xilinx/vek280/production/1.2/board.xml as part xcve2802-vsvh1760-2mp-e-s specified in board_part file is either invalid or not available
WARNING: [Board 49-26] cannot add Board Part xilinx.com:vek385:part0:1.0 available at /tools/Xilinx/2025.1/data/xhub/boards/XilinxBoardStore/boards/Xilinx/vek385/1.0/board.xml as part xc2ve3858-ssva2112-2mp-e-s specified in board_part file is either invalid or not available
WARNING: [Board 49-26] cannot add Board Part xilinx.com:vhk158:part0:1.0 available at /tools/Xilinx/2025.1/data/xhub/boards/XilinxBoardStore/boards/Xilinx/vhk158/production/1.0/board.xml as part xcvh1582-vsva3697-2mp-e-s specified in board_part file is either invalid or not available
WARNING: [Board 49-26] cannot add Board Part xilinx.com:vhk158:part0:1.1 available at /tools/Xilinx/2025.1/data/xhub/boards/XilinxBoardStore/boards/Xilinx/vhk158/production/1.1/board.xml as part xcvh1582-vsva3697-2mp-e-s specified in board_part file is either invalid or not available
WARNING: [Board 49-26] cannot add Board Part xilinx.com:vhk158:part0:1.2 available at /tools/Xilinx/2025.1/data/xhub/boards/XilinxBoardStore/boards/Xilinx/vhk158/production/1.2/board.xml as part xcvh1582-vsva3697-2mp-e-s specified in board_part file is either invalid or not available
WARNING: [Board 49-26] cannot add Board Part xilinx.com:vmk180:part0:2.2 available at /tools/Xilinx/2025.1/data/xhub/boards/XilinxBoardStore/boards/Xilinx/vmk180/production/2.2/board.xml as part xcvm1802-vsva2197-2mp-e-s specified in board_part file is either invalid or not available
WARNING: [Board 49-26] cannot add Board Part xilinx.com:vmk180:part0:3.0 available at /tools/Xilinx/2025.1/data/xhub/boards/XilinxBoardStore/boards/Xilinx/vmk180/production/3.0/board.xml as part xcvm1802-vsva2197-2mp-e-s specified in board_part file is either invalid or not available
WARNING: [Board 49-26] cannot add Board Part xilinx.com:vmk180:part0:3.1 available at /tools/Xilinx/2025.1/data/xhub/boards/XilinxBoardStore/boards/Xilinx/vmk180/production/3.1/board.xml as part xcvm1802-vsva2197-2mp-e-s specified in board_part file is either invalid or not available
WARNING: [Board 49-26] cannot add Board Part xilinx.com:vmk180:part0:3.2 available at /tools/Xilinx/2025.1/data/xhub/boards/XilinxBoardStore/boards/Xilinx/vmk180/production/3.2/board.xml as part xcvm1802-vsva2197-2mp-e-s specified in board_part file is either invalid or not available
WARNING: [Board 49-26] cannot add Board Part xilinx.com:vmk180:part0:3.3 available at /tools/Xilinx/2025.1/data/xhub/boards/XilinxBoardStore/boards/Xilinx/vmk180/production/3.3/board.xml as part xcvm1802-vsva2197-2mp-e-s specified in board_part file is either invalid or not available
WARNING: [Board 49-26] cannot add Board Part xilinx.com:vmk180_newl:part0:1.0 available at /tools/Xilinx/2025.1/data/xhub/boards/XilinxBoardStore/boards/Xilinx/vmk180_newl/production/1.0/board.xml as part xcvm1802-vsva2197-2mp-e-s specified in board_part file is either invalid or not available
WARNING: [Board 49-26] cannot add Board Part xilinx.com:vmk180_newl:part0:1.1 available at /tools/Xilinx/2025.1/data/xhub/boards/XilinxBoardStore/boards/Xilinx/vmk180_newl/production/1.1/board.xml as part xcvm1802-vsva2197-2mp-e-s specified in board_part file is either invalid or not available
WARNING: [Board 49-26] cannot add Board Part xilinx.com:vpk120:part0:1.0 available at /tools/Xilinx/2025.1/data/xhub/boards/XilinxBoardStore/boards/Xilinx/vpk120/production/1.0/board.xml as part xcvp1202-vsva2785-2mp-e-s specified in board_part file is either invalid or not available
WARNING: [Board 49-26] cannot add Board Part xilinx.com:vpk120:part0:1.1 available at /tools/Xilinx/2025.1/data/xhub/boards/XilinxBoardStore/boards/Xilinx/vpk120/production/1.1/board.xml as part xcvp1202-vsva2785-2mp-e-s specified in board_part file is either invalid or not available
WARNING: [Board 49-26] cannot add Board Part xilinx.com:vpk120:part0:1.2 available at /tools/Xilinx/2025.1/data/xhub/boards/XilinxBoardStore/boards/Xilinx/vpk120/production/1.2/board.xml as part xcvp1202-vsva2785-2mp-e-s specified in board_part file is either invalid or not available
WARNING: [Board 49-26] cannot add Board Part xilinx.com:vpk180:part0:1.0 available at /tools/Xilinx/2025.1/data/xhub/boards/XilinxBoardStore/boards/Xilinx/vpk180/production/1.0/board.xml as part xcvp1802-lsvc4072-2mp-e-s specified in board_part file is either invalid or not available
WARNING: [Board 49-26] cannot add Board Part xilinx.com:vpk180:part0:1.1 available at /tools/Xilinx/2025.1/data/xhub/boards/XilinxBoardStore/boards/Xilinx/vpk180/production/1.1/board.xml as part xcvp1802-lsvc4072-2mp-e-s specified in board_part file is either invalid or not available
WARNING: [Board 49-26] cannot add Board Part xilinx.com:vpk180:part0:1.2 available at /tools/Xilinx/2025.1/data/xhub/boards/XilinxBoardStore/boards/Xilinx/vpk180/production/1.2/board.xml as part xcvp1802-lsvc4072-2mp-e-s specified in board_part file is either invalid or not available
WARNING: [Board 49-26] cannot add Board Part xilinx.com:zcu208ld:part0:2.0 available at /tools/Xilinx/2025.1/data/xhub/boards/XilinxBoardStore/boards/Xilinx/zcu208ld/production/2.0/board.xml as part xczu58dr-fsvg1517-2-i specified in board_part file is either invalid or not available
WARNING: [Board 49-26] cannot add Board Part xilinx.com:zcu216ld:part0:2.0 available at /tools/Xilinx/2025.1/data/xhub/boards/XilinxBoardStore/boards/Xilinx/zcu216ld/production/2.0/board.xml as part xczu59dr-ffvf1760-2-i specified in board_part file is either invalid or not available
WARNING: [Board 49-26] cannot add Board Part xilinx.com:zcu670ld:part0:1.0 available at /tools/Xilinx/2025.1/data/xhub/boards/XilinxBoardStore/boards/Xilinx/zcu670ld/1.0/board.xml as part xczu57dr-fsve1156-2-i specified in board_part file is either invalid or not available
WARNING: [Board 49-26] cannot add Board Part xilinx.com:emb-plus-vpr-4616:part0:1.1 available at /tools/Xilinx/2025.1/data/xhub/boards/XilinxBoardStore/boards/Xilinx/emb-plus-vpr-4616/1.1/board.xml as part xcve2302-sfva784-2mp-e-s specified in board_part file is either invalid or not available
WARNING: [Board 49-26] cannot add Board Part xilinx.com:v80:part0:1.0 available at /tools/Xilinx/2025.1/data/xhub/boards/XilinxBoardStore/boards/Xilinx/v80/1.0/board.xml as part xcv80-lsva4737-2mhp-e-s specified in board_part file is either invalid or not available
WARNING: [Board 49-26] cannot add Board Part xilinx.com:vck190:part0:3.4 available at /tools/Xilinx/2025.1/data/xhub/boards/XilinxBoardStore/boards/Xilinx/vck190/production/3.4/board.xml as part xcvc1902-vsva2197-2mp-e-s specified in board_part file is either invalid or not available
WARNING: [Board 49-26] cannot add Board Part xilinx.com:vck190_newl:part0:1.3 available at /tools/Xilinx/2025.1/data/xhub/boards/XilinxBoardStore/boards/Xilinx/vck190_newl/production/1.3/board.xml as part xcvc1902-vsva2197-2mp-e-s specified in board_part file is either invalid or not available
WARNING: [Board 49-26] cannot add Board Part xilinx.com:vek280:part0:1.2 available at /tools/Xilinx/2025.1/data/xhub/boards/XilinxBoardStore/boards/Xilinx/vek280/production/1.2/board.xml as part xcve2802-vsvh1760-2mp-e-s specified in board_part file is either invalid or not available
WARNING: [Board 49-26] cannot add Board Part xilinx.com:vek385:part0:1.0 available at /tools/Xilinx/2025.1/data/xhub/boards/XilinxBoardStore/boards/Xilinx/vek385/1.0/board.xml as part xc2ve3858-ssva2112-2mp-e-s specified in board_part file is either invalid or not available
WARNING: [Board 49-26] cannot add Board Part xilinx.com:vhk158:part0:1.2 available at /tools/Xilinx/2025.1/data/xhub/boards/XilinxBoardStore/boards/Xilinx/vhk158/production/1.2/board.xml as part xcvh1582-vsva3697-2mp-e-s specified in board_part file is either invalid or not available
WARNING: [Board 49-26] cannot add Board Part xilinx.com:vmk180:part0:3.3 available at /tools/Xilinx/2025.1/data/xhub/boards/XilinxBoardStore/boards/Xilinx/vmk180/production/3.3/board.xml as part xcvm1802-vsva2197-2mp-e-s specified in board_part file is either invalid or not available
WARNING: [Board 49-26] cannot add Board Part xilinx.com:vmk180_newl:part0:1.1 available at /tools/Xilinx/2025.1/data/xhub/boards/XilinxBoardStore/boards/Xilinx/vmk180_newl/production/1.1/board.xml as part xcvm1802-vsva2197-2mp-e-s specified in board_part file is either invalid or not available
WARNING: [Board 49-26] cannot add Board Part xilinx.com:vpk120:part0:1.2 available at /tools/Xilinx/2025.1/data/xhub/boards/XilinxBoardStore/boards/Xilinx/vpk120/production/1.2/board.xml as part xcvp1202-vsva2785-2mp-e-s specified in board_part file is either invalid or not available
WARNING: [Board 49-26] cannot add Board Part xilinx.com:vpk180:part0:1.2 available at /tools/Xilinx/2025.1/data/xhub/boards/XilinxBoardStore/boards/Xilinx/vpk180/production/1.2/board.xml as part xcvp1802-lsvc4072-2mp-e-s specified in board_part file is either invalid or not available
WARNING: [Board 49-26] cannot add Board Part xilinx.com:zcu208ld:part0:2.0 available at /tools/Xilinx/2025.1/data/xhub/boards/XilinxBoardStore/boards/Xilinx/zcu208ld/production/2.0/board.xml as part xczu58dr-fsvg1517-2-i specified in board_part file is either invalid or not available
WARNING: [Board 49-26] cannot add Board Part xilinx.com:zcu216ld:part0:2.0 available at /tools/Xilinx/2025.1/data/xhub/boards/XilinxBoardStore/boards/Xilinx/zcu216ld/production/2.0/board.xml as part xczu59dr-ffvf1760-2-i specified in board_part file is either invalid or not available
WARNING: [Board 49-26] cannot add Board Part xilinx.com:zcu670ld:part0:1.0 available at /tools/Xilinx/2025.1/data/xhub/boards/XilinxBoardStore/boards/Xilinx/zcu670ld/1.0/board.xml as part xczu57dr-fsve1156-2-i specified in board_part file is either invalid or not available
report_ip_status -name ip_status 
update_module_reference [get_ips  design_1_qkd_top_wrapper_bd_0_0]
WARNING: [IP_Flow 19-529] Port Map 'CLK': Port named 'qkd_top_wrapper_bd' does not exist.
INFO: [IP_Flow 19-5107] Inferred bus interface 'rfdc_aclk' of definition 'xilinx.com:signal:clock:1.0' (from X_INTERFACE_INFO parameter from HDL file).
INFO: [IP_Flow 19-5107] Inferred bus interface 'rfdc_aclk' of definition 'xilinx.com:signal:clock:1.0' (from 'X_INTERFACE_INFO' attribute).
INFO: [IP_Flow 19-5107] Inferred bus interface 'm_axis_alice' of definition 'xilinx.com:interface:axis:1.0' (from Xilinx Repository).
INFO: [IP_Flow 19-5107] Inferred bus interface 'm_axis_bob' of definition 'xilinx.com:interface:axis:1.0' (from Xilinx Repository).
INFO: [IP_Flow 19-5107] Inferred bus interface 's_axi' of definition 'xilinx.com:interface:aximm:1.0' (from Xilinx Repository).
INFO: [IP_Flow 19-5107] Inferred bus interface 'rfdc_aresetn' of definition 'xilinx.com:signal:reset:1.0' (from Xilinx Repository).
INFO: [IP_Flow 19-5107] Inferred bus interface 's_axi_aresetn' of definition 'xilinx.com:signal:reset:1.0' (from Xilinx Repository).
INFO: [IP_Flow 19-5107] Inferred bus interface 's_axi_aclk' of definition 'xilinx.com:signal:clock:1.0' (from Xilinx Repository).
INFO: [IP_Flow 19-4728] Bus Interface 'rfdc_aresetn': Added interface parameter 'POLARITY' with value 'ACTIVE_LOW'.
INFO: [IP_Flow 19-4728] Bus Interface 's_axi_aresetn': Added interface parameter 'POLARITY' with value 'ACTIVE_LOW'.
INFO: [IP_Flow 19-4728] Bus Interface 's_axi_aclk': Added interface parameter 'ASSOCIATED_BUSIF' with value 's_axi'.
INFO: [IP_Flow 19-4728] Bus Interface 'rfdc_aclk': Added interface parameter 'ASSOCIATED_RESET' with value 'rfdc_aresetn'.
INFO: [IP_Flow 19-4728] Bus Interface 's_axi_aclk': Added interface parameter 'ASSOCIATED_RESET' with value 's_axi_aresetn'.
WARNING: [IP_Flow 19-5661] Bus Interface 'rfdc_aclk' does not have any bus interfaces associated with it.
WARNING: [IP_Flow 19-11770] Clock interface 'rfdc_aclk' has no FREQ_HZ parameter.
WARNING: [IP_Flow 19-3158] Bus Interface 'm_axis_alice': FREQ_HZ bus parameter missing from AXI interface when interface is not associated to a clock.
WARNING: [IP_Flow 19-3158] Bus Interface 'm_axis_bob': FREQ_HZ bus parameter missing from AXI interface when interface is not associated to a clock.
WARNING: [IP_Flow 19-11770] Clock interface 's_axi_aclk' has no FREQ_HZ parameter.
WARNING: [IP_Flow 19-529] Port Map 'CLK': Port named 'qkd_top_wrapper_bd' does not exist.
INFO: [IP_Flow 19-5107] Inferred bus interface 'rfdc_aclk' of definition 'xilinx.com:signal:clock:1.0' (from X_INTERFACE_INFO parameter from HDL file).
INFO: [IP_Flow 19-5107] Inferred bus interface 'rfdc_aclk' of definition 'xilinx.com:signal:clock:1.0' (from 'X_INTERFACE_INFO' attribute).
INFO: [IP_Flow 19-5107] Inferred bus interface 'm_axis_alice' of definition 'xilinx.com:interface:axis:1.0' (from Xilinx Repository).
INFO: [IP_Flow 19-5107] Inferred bus interface 'm_axis_bob' of definition 'xilinx.com:interface:axis:1.0' (from Xilinx Repository).
INFO: [IP_Flow 19-5107] Inferred bus interface 's_axi' of definition 'xilinx.com:interface:aximm:1.0' (from Xilinx Repository).
INFO: [IP_Flow 19-5107] Inferred bus interface 'rfdc_aresetn' of definition 'xilinx.com:signal:reset:1.0' (from Xilinx Repository).
INFO: [IP_Flow 19-5107] Inferred bus interface 's_axi_aresetn' of definition 'xilinx.com:signal:reset:1.0' (from Xilinx Repository).
INFO: [IP_Flow 19-5107] Inferred bus interface 's_axi_aclk' of definition 'xilinx.com:signal:clock:1.0' (from Xilinx Repository).
INFO: [IP_Flow 19-4728] Bus Interface 'rfdc_aresetn': Added interface parameter 'POLARITY' with value 'ACTIVE_LOW'.
INFO: [IP_Flow 19-4728] Bus Interface 's_axi_aresetn': Added interface parameter 'POLARITY' with value 'ACTIVE_LOW'.
INFO: [IP_Flow 19-4728] Bus Interface 's_axi_aclk': Added interface parameter 'ASSOCIATED_BUSIF' with value 's_axi'.
INFO: [IP_Flow 19-4728] Bus Interface 'rfdc_aclk': Added interface parameter 'ASSOCIATED_RESET' with value 'rfdc_aresetn'.
INFO: [IP_Flow 19-4728] Bus Interface 's_axi_aclk': Added interface parameter 'ASSOCIATED_RESET' with value 's_axi_aresetn'.
WARNING: [IP_Flow 19-5661] Bus Interface 'rfdc_aclk' does not have any bus interfaces associated with it.
WARNING: [IP_Flow 19-11770] Clock interface 'rfdc_aclk' has no FREQ_HZ parameter.
WARNING: [IP_Flow 19-3158] Bus Interface 'm_axis_alice': FREQ_HZ bus parameter missing from AXI interface when interface is not associated to a clock.
WARNING: [IP_Flow 19-3158] Bus Interface 'm_axis_bob': FREQ_HZ bus parameter missing from AXI interface when interface is not associated to a clock.
WARNING: [IP_Flow 19-11770] Clock interface 's_axi_aclk' has no FREQ_HZ parameter.
Upgrading '/home/dylanjb/Documents/qkd_bb84_phase/fpga/vivado/qkd_phase_bb84/qkd_phase_bb84.srcs/sources_1/bd/design_1/design_1.bd'
INFO: [IP_Flow 19-3420] Updated design_1_qkd_top_wrapper_bd_0_0 to use current project options
Wrote  : </home/dylanjb/Documents/qkd_bb84_phase/fpga/vivado/qkd_phase_bb84/qkd_phase_bb84.srcs/sources_1/bd/design_1/design_1.bd> 
validate_bd_design
INFO: [BD 5-943] Reserving offset range <0x8000_0000 [ 4K ]> from slave interface '/axi_smc/S00_AXI' to master interface '/axi_smc/M00_AXI'. This will be used by smartconnect on path for routing.
INFO: [BD 5-943] Reserving offset range <0x8004_0000 [ 256K ]> from slave interface '/axi_smc/S00_AXI' to master interface '/axi_smc/M01_AXI'. This will be used by smartconnect on path for routing.
INFO: [xilinx.com:ip:smartconnect:1.0-1] design_1_axi_smc_0: SmartConnect design_1_axi_smc_0 is in Low-Area Mode.
CRITICAL WARNING: [BD 41-967] AXI interface pin /qkd_top_wrapper_bd_0/m_axis_alice is not associated to any clock pin. It may not work correctly.
CRITICAL WARNING: [BD 41-967] AXI interface pin /qkd_top_wrapper_bd_0/m_axis_bob is not associated to any clock pin. It may not work correctly.
report_ip_status -name ip_status 
update_module_reference [get_ips  design_1_qkd_top_wrapper_bd_0_0]
INFO: [IP_Flow 19-5107] Inferred bus interface 'rfdc_aclk' of definition 'xilinx.com:signal:clock:1.0' (from X_INTERFACE_INFO parameter from HDL file).
INFO: [IP_Flow 19-5107] Inferred bus interface 'rfdc_aclk' of definition 'xilinx.com:signal:clock:1.0' (from 'X_INTERFACE_INFO' attribute).
INFO: [IP_Flow 19-5107] Inferred bus interface 'm_axis_alice' of definition 'xilinx.com:interface:axis:1.0' (from Xilinx Repository).
INFO: [IP_Flow 19-5107] Inferred bus interface 'm_axis_bob' of definition 'xilinx.com:interface:axis:1.0' (from Xilinx Repository).
INFO: [IP_Flow 19-5107] Inferred bus interface 's_axi' of definition 'xilinx.com:interface:aximm:1.0' (from Xilinx Repository).
INFO: [IP_Flow 19-5107] Inferred bus interface 'rfdc_aresetn' of definition 'xilinx.com:signal:reset:1.0' (from Xilinx Repository).
INFO: [IP_Flow 19-5107] Inferred bus interface 's_axi_aresetn' of definition 'xilinx.com:signal:reset:1.0' (from Xilinx Repository).
INFO: [IP_Flow 19-5107] Inferred bus interface 's_axi_aclk' of definition 'xilinx.com:signal:clock:1.0' (from Xilinx Repository).
INFO: [IP_Flow 19-4728] Bus Interface 'rfdc_aresetn': Added interface parameter 'POLARITY' with value 'ACTIVE_LOW'.
INFO: [IP_Flow 19-4728] Bus Interface 's_axi_aresetn': Added interface parameter 'POLARITY' with value 'ACTIVE_LOW'.
INFO: [IP_Flow 19-4728] Bus Interface 's_axi_aclk': Added interface parameter 'ASSOCIATED_BUSIF' with value 's_axi'.
INFO: [IP_Flow 19-4728] Bus Interface 'rfdc_aclk': Added interface parameter 'ASSOCIATED_RESET' with value 'rfdc_aresetn'.
INFO: [IP_Flow 19-4728] Bus Interface 's_axi_aclk': Added interface parameter 'ASSOCIATED_RESET' with value 's_axi_aresetn'.
INFO: [IP_Flow 19-4728] Bus Interface 'rfdc_aclk': Added interface parameter 'ASSOCIATED_BUSIF' with value 'm_axis_alice'.
WARNING: [IP_Flow 19-11770] Clock interface 'rfdc_aclk' has no FREQ_HZ parameter.
WARNING: [IP_Flow 19-11770] Clock interface 's_axi_aclk' has no FREQ_HZ parameter.
INFO: [IP_Flow 19-5107] Inferred bus interface 'rfdc_aclk' of definition 'xilinx.com:signal:clock:1.0' (from X_INTERFACE_INFO parameter from HDL file).
INFO: [IP_Flow 19-5107] Inferred bus interface 'rfdc_aclk' of definition 'xilinx.com:signal:clock:1.0' (from 'X_INTERFACE_INFO' attribute).
INFO: [IP_Flow 19-5107] Inferred bus interface 'm_axis_alice' of definition 'xilinx.com:interface:axis:1.0' (from Xilinx Repository).
INFO: [IP_Flow 19-5107] Inferred bus interface 'm_axis_bob' of definition 'xilinx.com:interface:axis:1.0' (from Xilinx Repository).
INFO: [IP_Flow 19-5107] Inferred bus interface 's_axi' of definition 'xilinx.com:interface:aximm:1.0' (from Xilinx Repository).
INFO: [IP_Flow 19-5107] Inferred bus interface 'rfdc_aresetn' of definition 'xilinx.com:signal:reset:1.0' (from Xilinx Repository).
INFO: [IP_Flow 19-5107] Inferred bus interface 's_axi_aresetn' of definition 'xilinx.com:signal:reset:1.0' (from Xilinx Repository).
INFO: [IP_Flow 19-5107] Inferred bus interface 's_axi_aclk' of definition 'xilinx.com:signal:clock:1.0' (from Xilinx Repository).
INFO: [IP_Flow 19-4728] Bus Interface 'rfdc_aresetn': Added interface parameter 'POLARITY' with value 'ACTIVE_LOW'.
INFO: [IP_Flow 19-4728] Bus Interface 's_axi_aresetn': Added interface parameter 'POLARITY' with value 'ACTIVE_LOW'.
INFO: [IP_Flow 19-4728] Bus Interface 's_axi_aclk': Added interface parameter 'ASSOCIATED_BUSIF' with value 's_axi'.
INFO: [IP_Flow 19-4728] Bus Interface 'rfdc_aclk': Added interface parameter 'ASSOCIATED_RESET' with value 'rfdc_aresetn'.
INFO: [IP_Flow 19-4728] Bus Interface 's_axi_aclk': Added interface parameter 'ASSOCIATED_RESET' with value 's_axi_aresetn'.
INFO: [IP_Flow 19-4728] Bus Interface 'rfdc_aclk': Added interface parameter 'ASSOCIATED_BUSIF' with value 'm_axis_alice'.
WARNING: [IP_Flow 19-11770] Clock interface 'rfdc_aclk' has no FREQ_HZ parameter.
WARNING: [IP_Flow 19-11770] Clock interface 's_axi_aclk' has no FREQ_HZ parameter.
Upgrading '/home/dylanjb/Documents/qkd_bb84_phase/fpga/vivado/qkd_phase_bb84/qkd_phase_bb84.srcs/sources_1/bd/design_1/design_1.bd'
INFO: [IP_Flow 19-3420] Updated design_1_qkd_top_wrapper_bd_0_0 to use current project options
Wrote  : </home/dylanjb/Documents/qkd_bb84_phase/fpga/vivado/qkd_phase_bb84/qkd_phase_bb84.srcs/sources_1/bd/design_1/design_1.bd> 
Wrote  : </home/dylanjb/Documents/qkd_bb84_phase/fpga/vivado/qkd_phase_bb84/qkd_phase_bb84.srcs/sources_1/bd/design_1/ui/bd_1f5defd0.ui> 
report_ip_status -name ip_status 
validate_bd_design
INFO: [BD 5-943] Reserving offset range <0x8000_0000 [ 4K ]> from slave interface '/axi_smc/S00_AXI' to master interface '/axi_smc/M00_AXI'. This will be used by smartconnect on path for routing.
INFO: [BD 5-943] Reserving offset range <0x8004_0000 [ 256K ]> from slave interface '/axi_smc/S00_AXI' to master interface '/axi_smc/M01_AXI'. This will be used by smartconnect on path for routing.
INFO: [xilinx.com:ip:smartconnect:1.0-1] design_1_axi_smc_0: SmartConnect design_1_axi_smc_0 is in Low-Area Mode.
report_ip_status -name ip_status 
regenerate_bd_layout -routing
generate_target all [get_files  /home/dylanjb/Documents/qkd_bb84_phase/fpga/vivado/qkd_phase_bb84/qkd_phase_bb84.srcs/sources_1/bd/design_1/design_1.bd]
INFO: [BD 41-1662] The design 'design_1.bd' is already validated. Therefore parameter propagation will not be re-run.
Wrote  : </home/dylanjb/Documents/qkd_bb84_phase/fpga/vivado/qkd_phase_bb84/qkd_phase_bb84.srcs/sources_1/bd/design_1/design_1.bd> 
Wrote  : </home/dylanjb/Documents/qkd_bb84_phase/fpga/vivado/qkd_phase_bb84/qkd_phase_bb84.srcs/sources_1/bd/design_1/ui/bd_1f5defd0.ui> 
Verilog Output written to : /home/dylanjb/Documents/qkd_bb84_phase/fpga/vivado/qkd_phase_bb84/qkd_phase_bb84.gen/sources_1/bd/design_1/synth/design_1.v
Verilog Output written to : /home/dylanjb/Documents/qkd_bb84_phase/fpga/vivado/qkd_phase_bb84/qkd_phase_bb84.gen/sources_1/bd/design_1/sim/design_1.v
Verilog Output written to : /home/dylanjb/Documents/qkd_bb84_phase/fpga/vivado/qkd_phase_bb84/qkd_phase_bb84.gen/sources_1/bd/design_1/hdl/design_1_wrapper.v
INFO: [BD 41-1029] Generation completed for the IP Integrator block qkd_top_wrapper_bd_0 .
Exporting to file /home/dylanjb/Documents/qkd_bb84_phase/fpga/vivado/qkd_phase_bb84/qkd_phase_bb84.gen/sources_1/bd/design_1/ip/design_1_axi_smc_0/bd_0/hw_handoff/design_1_axi_smc_0.hwh
Generated Hardware Definition File /home/dylanjb/Documents/qkd_bb84_phase/fpga/vivado/qkd_phase_bb84/qkd_phase_bb84.gen/sources_1/bd/design_1/ip/design_1_axi_smc_0/bd_0/synth/design_1_axi_smc_0.hwdef
INFO: [BD 41-1029] Generation completed for the IP Integrator block axi_smc .
Exporting to file /home/dylanjb/Documents/qkd_bb84_phase/fpga/vivado/qkd_phase_bb84/qkd_phase_bb84.gen/sources_1/bd/design_1/hw_handoff/design_1.hwh
Generated Hardware Definition File /home/dylanjb/Documents/qkd_bb84_phase/fpga/vivado/qkd_phase_bb84/qkd_phase_bb84.gen/sources_1/bd/design_1/synth/design_1.hwdef
catch { config_ip_cache -export [get_ips -all design_1_usp_rf_data_converter_0_0] }
catch { config_ip_cache -export [get_ips -all design_1_zynq_ultra_ps_e_0_0] }
catch { config_ip_cache -export [get_ips -all design_1_proc_sys_reset_0_0] }
catch { config_ip_cache -export [get_ips -all design_1_proc_sys_reset_0_1] }
catch { config_ip_cache -export [get_ips -all design_1_axi_smc_0] }
export_ip_user_files -of_objects [get_files /home/dylanjb/Documents/qkd_bb84_phase/fpga/vivado/qkd_phase_bb84/qkd_phase_bb84.srcs/sources_1/bd/design_1/design_1.bd] -no_script -sync -force -quiet
create_ip_run [get_files -of_objects [get_fileset sources_1] /home/dylanjb/Documents/qkd_bb84_phase/fpga/vivado/qkd_phase_bb84/qkd_phase_bb84.srcs/sources_1/bd/design_1/design_1.bd]
launch_runs design_1_axi_smc_0_synth_1 design_1_proc_sys_reset_0_0_synth_1 design_1_proc_sys_reset_0_1_synth_1 design_1_qkd_top_wrapper_bd_0_0_synth_1 design_1_usp_rf_data_converter_0_0_synth_1 design_1_zynq_ultra_ps_e_0_0_synth_1 -jobs 8
[Wed Apr 29 20:16:47 2026] Launched design_1_axi_smc_0_synth_1, design_1_proc_sys_reset_0_0_synth_1, design_1_proc_sys_reset_0_1_synth_1, design_1_qkd_top_wrapper_bd_0_0_synth_1, design_1_usp_rf_data_converter_0_0_synth_1, design_1_zynq_ultra_ps_e_0_0_synth_1...
Run output will be captured here:
design_1_axi_smc_0_synth_1: /home/dylanjb/Documents/qkd_bb84_phase/fpga/vivado/qkd_phase_bb84/qkd_phase_bb84.runs/design_1_axi_smc_0_synth_1/runme.log
design_1_proc_sys_reset_0_0_synth_1: /home/dylanjb/Documents/qkd_bb84_phase/fpga/vivado/qkd_phase_bb84/qkd_phase_bb84.runs/design_1_proc_sys_reset_0_0_synth_1/runme.log
design_1_proc_sys_reset_0_1_synth_1: /home/dylanjb/Documents/qkd_bb84_phase/fpga/vivado/qkd_phase_bb84/qkd_phase_bb84.runs/design_1_proc_sys_reset_0_1_synth_1/runme.log
design_1_qkd_top_wrapper_bd_0_0_synth_1: /home/dylanjb/Documents/qkd_bb84_phase/fpga/vivado/qkd_phase_bb84/qkd_phase_bb84.runs/design_1_qkd_top_wrapper_bd_0_0_synth_1/runme.log
design_1_usp_rf_data_converter_0_0_synth_1: /home/dylanjb/Documents/qkd_bb84_phase/fpga/vivado/qkd_phase_bb84/qkd_phase_bb84.runs/design_1_usp_rf_data_converter_0_0_synth_1/runme.log
design_1_zynq_ultra_ps_e_0_0_synth_1: /home/dylanjb/Documents/qkd_bb84_phase/fpga/vivado/qkd_phase_bb84/qkd_phase_bb84.runs/design_1_zynq_ultra_ps_e_0_0_synth_1/runme.log
export_simulation -lib_map_path [list {modelsim=/home/dylanjb/Documents/qkd_bb84_phase/fpga/vivado/qkd_phase_bb84/qkd_phase_bb84.cache/compile_simlib/modelsim} {questa=/home/dylanjb/Documents/qkd_bb84_phase/fpga/vivado/qkd_phase_bb84/qkd_phase_bb84.cache/compile_simlib/questa} {xcelium=/home/dylanjb/Documents/qkd_bb84_phase/fpga/vivado/qkd_phase_bb84/qkd_phase_bb84.cache/compile_simlib/xcelium} {vcs=/home/dylanjb/Documents/qkd_bb84_phase/fpga/vivado/qkd_phase_bb84/qkd_phase_bb84.cache/compile_simlib/vcs} {riviera=/home/dylanjb/Documents/qkd_bb84_phase/fpga/vivado/qkd_phase_bb84/qkd_phase_bb84.cache/compile_simlib/riviera}] -of_objects [get_files /home/dylanjb/Documents/qkd_bb84_phase/fpga/vivado/qkd_phase_bb84/qkd_phase_bb84.srcs/sources_1/bd/design_1/design_1.bd] -directory /home/dylanjb/Documents/qkd_bb84_phase/fpga/vivado/qkd_phase_bb84/qkd_phase_bb84.ip_user_files/sim_scripts -ip_user_files_dir /home/dylanjb/Documents/qkd_bb84_phase/fpga/vivado/qkd_phase_bb84/qkd_phase_bb84.ip_user_files -ipstatic_source_dir /home/dylanjb/Documents/qkd_bb84_phase/fpga/vivado/qkd_phase_bb84/qkd_phase_bb84.ip_user_files/ipstatic -use_ip_compiled_libs -force -quiet
make_wrapper -files [get_files /home/dylanjb/Documents/qkd_bb84_phase/fpga/vivado/qkd_phase_bb84/qkd_phase_bb84.srcs/sources_1/bd/design_1/design_1.bd] -top
add_files -norecurse /home/dylanjb/Documents/qkd_bb84_phase/fpga/vivado/qkd_phase_bb84/qkd_phase_bb84.gen/sources_1/bd/design_1/hdl/design_1_wrapper.v
update_compile_order -fileset sources_1
set_property top design_1_wrapper [current_fileset]
update_compile_order -fileset sources_1
launch_runs impl_1 -to_step write_bitstream -jobs 8
[Wed Apr 29 20:22:10 2026] Launched synth_1...
Run output will be captured here: /home/dylanjb/Documents/qkd_bb84_phase/fpga/vivado/qkd_phase_bb84/qkd_phase_bb84.runs/synth_1/runme.log
[Wed Apr 29 20:22:10 2026] Launched impl_1...
Run output will be captured here: /home/dylanjb/Documents/qkd_bb84_phase/fpga/vivado/qkd_phase_bb84/qkd_phase_bb84.runs/impl_1/runme.log
open_run impl_1
INFO: [Device 21-403] Loading part xczu48dr-ffvg1517-2-e
Netlist sorting complete. Time (s): cpu = 00:00:00.19 ; elapsed = 00:00:00.1 . Memory (MB): peak = 11995.074 ; gain = 0.000 ; free physical = 15299 ; free virtual = 30718
INFO: [Netlist 29-17] Analyzing 73 Unisim elements for replacement
INFO: [Netlist 29-28] Unisim Transformation completed in 0 CPU seconds
INFO: [Project 1-479] Netlist was created with Vivado 2025.1
INFO: [Project 1-570] Preparing netlist for logic optimization
Read ShapeDB Complete: Time (s): cpu = 00:00:00.01 ; elapsed = 00:00:00.01 . Memory (MB): peak = 12051.949 ; gain = 2.000 ; free physical = 15265 ; free virtual = 30685
INFO: [Timing 38-478] Restoring timing data from binary archive.
INFO: [Timing 38-479] Binary timing data restore complete.
INFO: [Project 1-856] Restoring constraints from binary archive.
INFO: [Project 1-853] Binary constraint restore complete.
INFO: [Designutils 20-5722] Start Reading Physical Databases.
Reading placement.
Read Netlist Cache: Time (s): cpu = 00:00:00.01 ; elapsed = 00:00:00.01 . Memory (MB): peak = 12557.328 ; gain = 0.000 ; free physical = 14892 ; free virtual = 30311
Reading placer database...
Read Device Cache: Time (s): cpu = 00:00:00.02 ; elapsed = 00:00:00.02 . Memory (MB): peak = 12557.328 ; gain = 0.000 ; free physical = 14878 ; free virtual = 30297
Read PlaceDB: Time (s): cpu = 00:00:00.6 ; elapsed = 00:00:00.59 . Memory (MB): peak = 12558.328 ; gain = 1.000 ; free physical = 14875 ; free virtual = 30294
Read PulsedLatchDB: Time (s): cpu = 00:00:00 ; elapsed = 00:00:00 . Memory (MB): peak = 12558.328 ; gain = 0.000 ; free physical = 14875 ; free virtual = 30294
Reading routing.
Read RouteStorage: Time (s): cpu = 00:00:03 ; elapsed = 00:00:03 . Memory (MB): peak = 12845.305 ; gain = 286.977 ; free physical = 14615 ; free virtual = 30034
Read Physdb Files: Time (s): cpu = 00:00:04 ; elapsed = 00:00:04 . Memory (MB): peak = 12845.305 ; gain = 287.977 ; free physical = 14615 ; free virtual = 30034
Restored from archive | CPU: 4.150000 secs | Memory: 258.895538 MB |
Finished XDEF File Restore: Time (s): cpu = 00:00:04 ; elapsed = 00:00:04 . Memory (MB): peak = 12845.305 ; gain = 287.977 ; free physical = 14615 ; free virtual = 30034
Netlist sorting complete. Time (s): cpu = 00:00:00.01 ; elapsed = 00:00:00 . Memory (MB): peak = 12845.305 ; gain = 0.000 ; free physical = 14615 ; free virtual = 30035
INFO: [Project 1-111] Unisim Transformation Summary:
  A total of 4 instances were transformed.
  IBUF => IBUF (IBUFCTRL, INBUF): 4 instances

open_run: Time (s): cpu = 00:00:26 ; elapsed = 00:00:19 . Memory (MB): peak = 13423.461 ; gain = 2093.852 ; free physical = 13838 ; free virtual = 29293
CRITICAL WARNING: [Timing 38-282] The design failed to meet the timing requirements. Please see the timing summary report for details on the timing violations.
close_design
reset_run synth_1
INFO: [Project 1-1160] Copying file /home/dylanjb/Documents/qkd_bb84_phase/fpga/vivado/qkd_phase_bb84/qkd_phase_bb84.runs/synth_1/design_1_wrapper.dcp to /home/dylanjb/Documents/qkd_bb84_phase/fpga/vivado/qkd_phase_bb84/qkd_phase_bb84.srcs/utils_1/imports/synth_1 and adding it to utils fileset
launch_runs impl_1 -to_step write_bitstream -jobs 8
[Wed Apr 29 20:37:15 2026] Launched synth_1...
Run output will be captured here: /home/dylanjb/Documents/qkd_bb84_phase/fpga/vivado/qkd_phase_bb84/qkd_phase_bb84.runs/synth_1/runme.log
[Wed Apr 29 20:37:15 2026] Launched impl_1...
Run output will be captured here: /home/dylanjb/Documents/qkd_bb84_phase/fpga/vivado/qkd_phase_bb84/qkd_phase_bb84.runs/impl_1/runme.log
open_run impl_1
Netlist sorting complete. Time (s): cpu = 00:00:00.12 ; elapsed = 00:00:00.11 . Memory (MB): peak = 13714.484 ; gain = 0.000 ; free physical = 13736 ; free virtual = 29174
INFO: [Netlist 29-17] Analyzing 73 Unisim elements for replacement
INFO: [Netlist 29-28] Unisim Transformation completed in 0 CPU seconds
INFO: [Project 1-479] Netlist was created with Vivado 2025.1
INFO: [Project 1-570] Preparing netlist for logic optimization
Read ShapeDB Complete: Time (s): cpu = 00:00:00.01 ; elapsed = 00:00:00.01 . Memory (MB): peak = 13714.484 ; gain = 0.000 ; free physical = 13739 ; free virtual = 29177
INFO: [Timing 38-478] Restoring timing data from binary archive.
INFO: [Timing 38-479] Binary timing data restore complete.
INFO: [Project 1-856] Restoring constraints from binary archive.
INFO: [Project 1-853] Binary constraint restore complete.
INFO: [Designutils 20-5722] Start Reading Physical Databases.
Reading placement.
Read Netlist Cache: Time (s): cpu = 00:00:00.01 ; elapsed = 00:00:00 . Memory (MB): peak = 13714.484 ; gain = 0.000 ; free physical = 13743 ; free virtual = 29181
Reading placer database...
Read Device Cache: Time (s): cpu = 00:00:00.02 ; elapsed = 00:00:00.03 . Memory (MB): peak = 13714.484 ; gain = 0.000 ; free physical = 13743 ; free virtual = 29181
Read PlaceDB: Time (s): cpu = 00:00:00.6 ; elapsed = 00:00:00.58 . Memory (MB): peak = 13714.484 ; gain = 0.000 ; free physical = 13739 ; free virtual = 29177
Read PulsedLatchDB: Time (s): cpu = 00:00:00 ; elapsed = 00:00:00 . Memory (MB): peak = 13714.484 ; gain = 0.000 ; free physical = 13742 ; free virtual = 29180
Reading routing.
Read RouteStorage: Time (s): cpu = 00:00:03 ; elapsed = 00:00:03 . Memory (MB): peak = 13714.484 ; gain = 0.000 ; free physical = 13739 ; free virtual = 29177
Read Physdb Files: Time (s): cpu = 00:00:04 ; elapsed = 00:00:04 . Memory (MB): peak = 13714.484 ; gain = 0.000 ; free physical = 13739 ; free virtual = 29177
Restored from archive | CPU: 4.020000 secs | Memory: 257.479698 MB |
Finished XDEF File Restore: Time (s): cpu = 00:00:04 ; elapsed = 00:00:04 . Memory (MB): peak = 13714.484 ; gain = 0.000 ; free physical = 13739 ; free virtual = 29177
Netlist sorting complete. Time (s): cpu = 00:00:00 ; elapsed = 00:00:00 . Memory (MB): peak = 13714.484 ; gain = 0.000 ; free physical = 13739 ; free virtual = 29177
INFO: [Project 1-111] Unisim Transformation Summary:
  A total of 4 instances were transformed.
  IBUF => IBUF (IBUFCTRL, INBUF): 4 instances

open_run: Time (s): cpu = 00:00:18 ; elapsed = 00:00:14 . Memory (MB): peak = 13714.484 ; gain = 0.000 ; free physical = 13600 ; free virtual = 29069
close_design
open_run impl_1
Netlist sorting complete. Time (s): cpu = 00:00:00.12 ; elapsed = 00:00:00.11 . Memory (MB): peak = 13815.074 ; gain = 0.000 ; free physical = 13496 ; free virtual = 28934
INFO: [Netlist 29-17] Analyzing 73 Unisim elements for replacement
INFO: [Netlist 29-28] Unisim Transformation completed in 0 CPU seconds
INFO: [Project 1-479] Netlist was created with Vivado 2025.1
INFO: [Project 1-570] Preparing netlist for logic optimization
Read ShapeDB Complete: Time (s): cpu = 00:00:00.02 ; elapsed = 00:00:00.01 . Memory (MB): peak = 13815.074 ; gain = 0.000 ; free physical = 13505 ; free virtual = 28943
INFO: [Timing 38-478] Restoring timing data from binary archive.
INFO: [Timing 38-479] Binary timing data restore complete.
INFO: [Project 1-856] Restoring constraints from binary archive.
INFO: [Project 1-853] Binary constraint restore complete.
INFO: [Designutils 20-5722] Start Reading Physical Databases.
Reading placement.
Read Netlist Cache: Time (s): cpu = 00:00:00.01 ; elapsed = 00:00:00.01 . Memory (MB): peak = 13815.074 ; gain = 0.000 ; free physical = 13521 ; free virtual = 28959
Reading placer database...
Read Device Cache: Time (s): cpu = 00:00:00.02 ; elapsed = 00:00:00.02 . Memory (MB): peak = 13815.074 ; gain = 0.000 ; free physical = 13521 ; free virtual = 28959
Read PlaceDB: Time (s): cpu = 00:00:00.59 ; elapsed = 00:00:00.58 . Memory (MB): peak = 13815.074 ; gain = 0.000 ; free physical = 13521 ; free virtual = 28959
Read PulsedLatchDB: Time (s): cpu = 00:00:00 ; elapsed = 00:00:00 . Memory (MB): peak = 13815.074 ; gain = 0.000 ; free physical = 13521 ; free virtual = 28959
Reading routing.
Read RouteStorage: Time (s): cpu = 00:00:03 ; elapsed = 00:00:03 . Memory (MB): peak = 13815.074 ; gain = 0.000 ; free physical = 13524 ; free virtual = 28962
Read Physdb Files: Time (s): cpu = 00:00:04 ; elapsed = 00:00:04 . Memory (MB): peak = 13815.074 ; gain = 0.000 ; free physical = 13524 ; free virtual = 28962
Restored from archive | CPU: 4.000000 secs | Memory: 257.701668 MB |
Finished XDEF File Restore: Time (s): cpu = 00:00:04 ; elapsed = 00:00:04 . Memory (MB): peak = 13815.074 ; gain = 0.000 ; free physical = 13524 ; free virtual = 28962
Netlist sorting complete. Time (s): cpu = 00:00:00.01 ; elapsed = 00:00:00.01 . Memory (MB): peak = 13815.074 ; gain = 0.000 ; free physical = 13524 ; free virtual = 28962
INFO: [Project 1-111] Unisim Transformation Summary:
  A total of 4 instances were transformed.
  IBUF => IBUF (IBUFCTRL, INBUF): 4 instances

open_run: Time (s): cpu = 00:00:14 ; elapsed = 00:00:14 . Memory (MB): peak = 13815.074 ; gain = 0.000 ; free physical = 13432 ; free virtual = 28900
get_msg_config -rules -severity WARNING
Message control rules currently in effect are:
Rule Name  Rule  Current Message Count  
get_msg_config -count -severity WARNING
0
close_design
delete_bd_objs [get_bd_nets usp_rf_data_converter_0_clk_dac1]
connect_bd_net [get_bd_pins qkd_top_wrapper_bd_0/rfdc_aclk] [get_bd_pins usp_rf_data_converter_0/clk_dac0]
connect_bd_net [get_bd_pins proc_sys_reset_1/slowest_sync_clk] [get_bd_pins usp_rf_data_converter_0/clk_dac0]
disconnect_bd_net /proc_sys_reset_1_peripheral_aresetn [get_bd_pins usp_rf_data_converter_0/s1_axis_aresetn]
connect_bd_net [get_bd_pins usp_rf_data_converter_0/s0_axis_aresetn] [get_bd_pins proc_sys_reset_1/peripheral_aresetn]
startgroup
set_property -dict [list \
  CONFIG.DAC0_Outclk_Freq {200.000} \
  CONFIG.DAC_Data_Width00 {4} \
  CONFIG.DAC_Data_Width02 {4} \
  CONFIG.DAC_Interpolation_Mode00 {16} \
  CONFIG.DAC_Interpolation_Mode02 {16} \
  CONFIG.DAC_Mixer_Type00 {2} \
  CONFIG.DAC_Mixer_Type02 {2} \
  CONFIG.DAC_NCO_Freq00 {0.08} \
  CONFIG.DAC_NCO_Freq02 {0.08} \
  CONFIG.DAC_Slice00_Enable {true} \
  CONFIG.DAC_Slice10_Enable {false} \
  CONFIG.DAC_Slice12_Enable {false} \
] [get_bd_cells usp_rf_data_converter_0]
WARNING: [BD 41-1684] Pin /usp_rf_data_converter_0/s10_axis_tdata is now disabled. All connections to this pin have been removed. 
WARNING: [BD 41-1684] Pin /usp_rf_data_converter_0/s10_axis_tvalid is now disabled. All connections to this pin have been removed. 
WARNING: [BD 41-1684] Pin /usp_rf_data_converter_0/s10_axis_tready is now disabled. All connections to this pin have been removed. 
WARNING: [BD 41-1684] Pin /usp_rf_data_converter_0/s12_axis_tdata is now disabled. All connections to this pin have been removed. 
WARNING: [BD 41-1684] Pin /usp_rf_data_converter_0/s12_axis_tvalid is now disabled. All connections to this pin have been removed. 
WARNING: [BD 41-1684] Pin /usp_rf_data_converter_0/s12_axis_tready is now disabled. All connections to this pin have been removed. 
INFO: Ultrascale+ RF Data Converter instance: Clock port 'dac0_clk' frequency is set to 200000000
delete_bd_objs [get_bd_nets qkd_top_wrapper_bd_0_m_axis_alice_tdata] [get_bd_nets qkd_top_wrapper_bd_0_m_axis_alice_tvalid] [get_bd_nets usp_rf_data_converter_0_s10_axis_tready] [get_bd_nets qkd_top_wrapper_bd_0_m_axis_bob_tdata] [get_bd_nets qkd_top_wrapper_bd_0_m_axis_bob_tvalid] [get_bd_nets usp_rf_data_converter_0_s12_axis_tready] [get_bd_intf_nets usp_rf_data_converter_0_vout10] [get_bd_intf_nets usp_rf_data_converter_0_vout12]
endgroup
connect_bd_net [get_bd_pins qkd_top_wrapper_bd_0/m_axis_alice_tdata] [get_bd_pins usp_rf_data_converter_0/s00_axis_tdata]
WARNING: [BD 41-1306] The connection to interface pin </qkd_top_wrapper_bd_0/m_axis_alice_tdata> is being overridden by the user with net <qkd_top_wrapper_bd_0_m_axis_alice_tdata>. This pin will not be connected as a part of interface connection <m_axis_alice>, and might not recreate the connectivity as expected using the writ_bd_tcl command.
WARNING: [BD 41-1306] The connection to interface pin </usp_rf_data_converter_0/s00_axis_tdata> is being overridden by the user with net <qkd_top_wrapper_bd_0_m_axis_alice_tdata>. This pin will not be connected as a part of interface connection <s00_axis>, and might not recreate the connectivity as expected using the writ_bd_tcl command.
connect_bd_net [get_bd_pins qkd_top_wrapper_bd_0/m_axis_alice_tvalid] [get_bd_pins usp_rf_data_converter_0/s00_axis_tvalid]
WARNING: [BD 41-1306] The connection to interface pin </qkd_top_wrapper_bd_0/m_axis_alice_tvalid> is being overridden by the user with net <qkd_top_wrapper_bd_0_m_axis_alice_tvalid>. This pin will not be connected as a part of interface connection <m_axis_alice>, and might not recreate the connectivity as expected using the writ_bd_tcl command.
WARNING: [BD 41-1306] The connection to interface pin </usp_rf_data_converter_0/s00_axis_tvalid> is being overridden by the user with net <qkd_top_wrapper_bd_0_m_axis_alice_tvalid>. This pin will not be connected as a part of interface connection <s00_axis>, and might not recreate the connectivity as expected using the writ_bd_tcl command.
connect_bd_net [get_bd_pins qkd_top_wrapper_bd_0/m_axis_alice_tready] [get_bd_pins usp_rf_data_converter_0/s00_axis_tready]
WARNING: [BD 41-1306] The connection to interface pin </qkd_top_wrapper_bd_0/m_axis_alice_tready> is being overridden by the user with net <usp_rf_data_converter_0_s00_axis_tready>. This pin will not be connected as a part of interface connection <m_axis_alice>, and might not recreate the connectivity as expected using the writ_bd_tcl command.
WARNING: [BD 41-1306] The connection to interface pin </usp_rf_data_converter_0/s00_axis_tready> is being overridden by the user with net <usp_rf_data_converter_0_s00_axis_tready>. This pin will not be connected as a part of interface connection <s00_axis>, and might not recreate the connectivity as expected using the writ_bd_tcl command.
delete_bd_objs [get_bd_intf_ports vout10_0]
delete_bd_objs [get_bd_intf_ports vout12_0]
startgroup
make_bd_pins_external  [get_bd_cells usp_rf_data_converter_0]
make_bd_intf_pins_external  [get_bd_cells usp_rf_data_converter_0]
endgroup
set_property location {1590 466} [get_bd_intf_ports vout02_0]
set_property location {1595 489} [get_bd_intf_ports vout02_0]
set_property location {1593 481} [get_bd_intf_ports vout02_0]
connect_bd_net [get_bd_pins qkd_top_wrapper_bd_0/m_axis_bob_tdata] [get_bd_pins usp_rf_data_converter_0/s02_axis_tdata]
WARNING: [BD 41-1306] The connection to interface pin </qkd_top_wrapper_bd_0/m_axis_bob_tdata> is being overridden by the user with net <qkd_top_wrapper_bd_0_m_axis_bob_tdata>. This pin will not be connected as a part of interface connection <m_axis_bob>, and might not recreate the connectivity as expected using the writ_bd_tcl command.
WARNING: [BD 41-1306] The connection to interface pin </usp_rf_data_converter_0/s02_axis_tdata> is being overridden by the user with net <qkd_top_wrapper_bd_0_m_axis_bob_tdata>. This pin will not be connected as a part of interface connection <s02_axis>, and might not recreate the connectivity as expected using the writ_bd_tcl command.
connect_bd_net [get_bd_pins qkd_top_wrapper_bd_0/m_axis_bob_tvalid] [get_bd_pins usp_rf_data_converter_0/s02_axis_tvalid]
WARNING: [BD 41-1306] The connection to interface pin </qkd_top_wrapper_bd_0/m_axis_bob_tvalid> is being overridden by the user with net <qkd_top_wrapper_bd_0_m_axis_bob_tvalid>. This pin will not be connected as a part of interface connection <m_axis_bob>, and might not recreate the connectivity as expected using the writ_bd_tcl command.
WARNING: [BD 41-1306] The connection to interface pin </usp_rf_data_converter_0/s02_axis_tvalid> is being overridden by the user with net <qkd_top_wrapper_bd_0_m_axis_bob_tvalid>. This pin will not be connected as a part of interface connection <s02_axis>, and might not recreate the connectivity as expected using the writ_bd_tcl command.
connect_bd_net [get_bd_pins qkd_top_wrapper_bd_0/m_axis_bob_tready] [get_bd_pins usp_rf_data_converter_0/s02_axis_tready]
WARNING: [BD 41-1306] The connection to interface pin </qkd_top_wrapper_bd_0/m_axis_bob_tready> is being overridden by the user with net <usp_rf_data_converter_0_s02_axis_tready>. This pin will not be connected as a part of interface connection <m_axis_bob>, and might not recreate the connectivity as expected using the writ_bd_tcl command.
WARNING: [BD 41-1306] The connection to interface pin </usp_rf_data_converter_0/s02_axis_tready> is being overridden by the user with net <usp_rf_data_converter_0_s02_axis_tready>. This pin will not be connected as a part of interface connection <s02_axis>, and might not recreate the connectivity as expected using the writ_bd_tcl command.
save_bd_design
Wrote  : </home/dylanjb/Documents/qkd_bb84_phase/fpga/vivado/qkd_phase_bb84/qkd_phase_bb84.srcs/sources_1/bd/design_1/design_1.bd> 
Wrote  : </home/dylanjb/Documents/qkd_bb84_phase/fpga/vivado/qkd_phase_bb84/qkd_phase_bb84.srcs/sources_1/bd/design_1/ui/bd_1f5defd0.ui> 
delete_bd_objs [get_bd_intf_nets s00_axis_0_1]
delete_bd_objs [get_bd_intf_ports s00_axis_0]
delete_bd_objs [get_bd_intf_nets s02_axis_0_1]
delete_bd_objs [get_bd_intf_ports s02_axis_0]
save_bd_design
Wrote  : </home/dylanjb/Documents/qkd_bb84_phase/fpga/vivado/qkd_phase_bb84/qkd_phase_bb84.srcs/sources_1/bd/design_1/design_1.bd> 
Wrote  : </home/dylanjb/Documents/qkd_bb84_phase/fpga/vivado/qkd_phase_bb84/qkd_phase_bb84.srcs/sources_1/bd/design_1/ui/bd_1f5defd0.ui> 
generate_target all [get_files  /home/dylanjb/Documents/qkd_bb84_phase/fpga/vivado/qkd_phase_bb84/qkd_phase_bb84.srcs/sources_1/bd/design_1/design_1.bd]
INFO: [BD 5-943] Reserving offset range <0x8000_0000 [ 4K ]> from slave interface '/axi_smc/S00_AXI' to master interface '/axi_smc/M00_AXI'. This will be used by smartconnect on path for routing.
INFO: [BD 5-943] Reserving offset range <0x8004_0000 [ 256K ]> from slave interface '/axi_smc/S00_AXI' to master interface '/axi_smc/M01_AXI'. This will be used by smartconnect on path for routing.
INFO: [xilinx.com:ip:smartconnect:1.0-1] design_1_axi_smc_0: SmartConnect design_1_axi_smc_0 is in Low-Area Mode.
Wrote  : </home/dylanjb/Documents/qkd_bb84_phase/fpga/vivado/qkd_phase_bb84/qkd_phase_bb84.srcs/sources_1/bd/design_1/design_1.bd> 
Wrote  : </home/dylanjb/Documents/qkd_bb84_phase/fpga/vivado/qkd_phase_bb84/qkd_phase_bb84.srcs/sources_1/bd/design_1/ui/bd_1f5defd0.ui> 
Verilog Output written to : /home/dylanjb/Documents/qkd_bb84_phase/fpga/vivado/qkd_phase_bb84/qkd_phase_bb84.gen/sources_1/bd/design_1/synth/design_1.v
Verilog Output written to : /home/dylanjb/Documents/qkd_bb84_phase/fpga/vivado/qkd_phase_bb84/qkd_phase_bb84.gen/sources_1/bd/design_1/sim/design_1.v
Verilog Output written to : /home/dylanjb/Documents/qkd_bb84_phase/fpga/vivado/qkd_phase_bb84/qkd_phase_bb84.gen/sources_1/bd/design_1/hdl/design_1_wrapper.v
INFO: [BD 41-1029] Generation completed for the IP Integrator block usp_rf_data_converter_0 .
Exporting to file /home/dylanjb/Documents/qkd_bb84_phase/fpga/vivado/qkd_phase_bb84/qkd_phase_bb84.gen/sources_1/bd/design_1/ip/design_1_axi_smc_0/bd_0/hw_handoff/design_1_axi_smc_0.hwh
Generated Hardware Definition File /home/dylanjb/Documents/qkd_bb84_phase/fpga/vivado/qkd_phase_bb84/qkd_phase_bb84.gen/sources_1/bd/design_1/ip/design_1_axi_smc_0/bd_0/synth/design_1_axi_smc_0.hwdef
INFO: [BD 41-1029] Generation completed for the IP Integrator block axi_smc .
Exporting to file /home/dylanjb/Documents/qkd_bb84_phase/fpga/vivado/qkd_phase_bb84/qkd_phase_bb84.gen/sources_1/bd/design_1/hw_handoff/design_1.hwh
Generated Hardware Definition File /home/dylanjb/Documents/qkd_bb84_phase/fpga/vivado/qkd_phase_bb84/qkd_phase_bb84.gen/sources_1/bd/design_1/synth/design_1.hwdef
generate_target: Time (s): cpu = 00:00:09 ; elapsed = 00:00:09 . Memory (MB): peak = 14111.836 ; gain = 0.000 ; free physical = 13012 ; free virtual = 28547
catch { config_ip_cache -export [get_ips -all design_1_usp_rf_data_converter_0_0] }
catch { config_ip_cache -export [get_ips -all design_1_axi_smc_0] }
INFO: [IP_Flow 19-4993] Using cached IP synthesis design for IP design_1_axi_smc_0, cache-ID = 5065ecdcf351f6a9; cache size = 19.079 MB.
catch { [ delete_ip_run [get_ips -all design_1_axi_smc_0] ] }
export_ip_user_files -of_objects [get_files /home/dylanjb/Documents/qkd_bb84_phase/fpga/vivado/qkd_phase_bb84/qkd_phase_bb84.srcs/sources_1/bd/design_1/design_1.bd] -no_script -sync -force -quiet
create_ip_run [get_files -of_objects [get_fileset sources_1] /home/dylanjb/Documents/qkd_bb84_phase/fpga/vivado/qkd_phase_bb84/qkd_phase_bb84.srcs/sources_1/bd/design_1/design_1.bd]
launch_runs design_1_usp_rf_data_converter_0_0_synth_1 -jobs 8
[Wed Apr 29 22:01:26 2026] Launched design_1_usp_rf_data_converter_0_0_synth_1...
Run output will be captured here: /home/dylanjb/Documents/qkd_bb84_phase/fpga/vivado/qkd_phase_bb84/qkd_phase_bb84.runs/design_1_usp_rf_data_converter_0_0_synth_1/runme.log
export_simulation -lib_map_path [list {modelsim=/home/dylanjb/Documents/qkd_bb84_phase/fpga/vivado/qkd_phase_bb84/qkd_phase_bb84.cache/compile_simlib/modelsim} {questa=/home/dylanjb/Documents/qkd_bb84_phase/fpga/vivado/qkd_phase_bb84/qkd_phase_bb84.cache/compile_simlib/questa} {xcelium=/home/dylanjb/Documents/qkd_bb84_phase/fpga/vivado/qkd_phase_bb84/qkd_phase_bb84.cache/compile_simlib/xcelium} {vcs=/home/dylanjb/Documents/qkd_bb84_phase/fpga/vivado/qkd_phase_bb84/qkd_phase_bb84.cache/compile_simlib/vcs} {riviera=/home/dylanjb/Documents/qkd_bb84_phase/fpga/vivado/qkd_phase_bb84/qkd_phase_bb84.cache/compile_simlib/riviera}] -of_objects [get_files /home/dylanjb/Documents/qkd_bb84_phase/fpga/vivado/qkd_phase_bb84/qkd_phase_bb84.srcs/sources_1/bd/design_1/design_1.bd] -directory /home/dylanjb/Documents/qkd_bb84_phase/fpga/vivado/qkd_phase_bb84/qkd_phase_bb84.ip_user_files/sim_scripts -ip_user_files_dir /home/dylanjb/Documents/qkd_bb84_phase/fpga/vivado/qkd_phase_bb84/qkd_phase_bb84.ip_user_files -ipstatic_source_dir /home/dylanjb/Documents/qkd_bb84_phase/fpga/vivado/qkd_phase_bb84/qkd_phase_bb84.ip_user_files/ipstatic -use_ip_compiled_libs -force -quiet
reset_run synth_1
INFO: [Project 1-1161] Replacing file /home/dylanjb/Documents/qkd_bb84_phase/fpga/vivado/qkd_phase_bb84/qkd_phase_bb84.srcs/utils_1/imports/synth_1/design_1_wrapper.dcp with file /home/dylanjb/Documents/qkd_bb84_phase/fpga/vivado/qkd_phase_bb84/qkd_phase_bb84.runs/synth_1/design_1_wrapper.dcp
launch_runs impl_1 -to_step write_bitstream -jobs 8
[Wed Apr 29 22:03:04 2026] Launched synth_1...
Run output will be captured here: /home/dylanjb/Documents/qkd_bb84_phase/fpga/vivado/qkd_phase_bb84/qkd_phase_bb84.runs/synth_1/runme.log
[Wed Apr 29 22:03:04 2026] Launched impl_1...
Run output will be captured here: /home/dylanjb/Documents/qkd_bb84_phase/fpga/vivado/qkd_phase_bb84/qkd_phase_bb84.runs/impl_1/runme.log
startgroup
set_property -dict [list \
  CONFIG.DAC0_Clock_Dist {0} \
  CONFIG.DAC2_Outclk_Freq {200.000} \
  CONFIG.DAC2_PLL_Enable {true} \
  CONFIG.DAC_Data_Width20 {4} \
  CONFIG.DAC_Interpolation_Mode20 {16} \
  CONFIG.DAC_Mixer_Type20 {2} \
  CONFIG.DAC_NCO_Freq20 {0.08} \
  CONFIG.DAC_Slice02_Enable {false} \
  CONFIG.DAC_Slice20_Enable {true} \
] [get_bd_cells usp_rf_data_converter_0]
WARNING: [BD 41-1684] Pin /usp_rf_data_converter_0/s02_axis_tdata is now disabled. All connections to this pin have been removed. 
WARNING: [BD 41-1684] Pin /usp_rf_data_converter_0/s02_axis_tvalid is now disabled. All connections to this pin have been removed. 
WARNING: [BD 41-1684] Pin /usp_rf_data_converter_0/s02_axis_tready is now disabled. All connections to this pin have been removed. 
INFO: Ultrascale+ RF Data Converter instance: Clock port 'dac0_clk' frequency is set to 200000000
INFO: Ultrascale+ RF Data Converter instance: Clock port 'dac2_clk' frequency is set to 200000000
delete_bd_objs [get_bd_nets qkd_top_wrapper_bd_0_m_axis_bob_tdata] [get_bd_nets qkd_top_wrapper_bd_0_m_axis_bob_tvalid] [get_bd_nets usp_rf_data_converter_0_s02_axis_tready] [get_bd_intf_nets usp_rf_data_converter_0_vout02]
endgroup
delete_bd_objs [get_bd_intf_ports vout02_0]
startgroup
make_bd_pins_external  [get_bd_cells usp_rf_data_converter_0]
make_bd_intf_pins_external  [get_bd_cells usp_rf_data_converter_0]
endgroup
set_property location {1623 466} [get_bd_intf_ports vout00_0]
set_property location {1618 464} [get_bd_intf_ports vout00_0]
delete_bd_objs [get_bd_intf_nets s20_axis_0_1] [get_bd_intf_ports s20_axis_0]
undo
INFO: [Common 17-17] undo 'delete_bd_objs [get_bd_intf_nets s20_axis_0_1] [get_bd_intf_ports s20_axis_0]'
delete_bd_objs [get_bd_intf_nets s20_axis_0_1]
delete_bd_objs [get_bd_intf_ports s20_axis_0]
delete_bd_objs [get_bd_intf_nets s00_axis_0_1]
delete_bd_objs [get_bd_intf_ports s00_axis_0]
delete_bd_objs [get_bd_nets usp_rf_data_converter_0_clk_dac2] [get_bd_ports clk_dac2_0]
delete_bd_objs [get_bd_nets s2_axis_aresetn_0_1] [get_bd_ports s2_axis_aresetn_0]
delete_bd_objs [get_bd_nets s2_axis_aclk_0_1] [get_bd_ports s2_axis_aclk_0]
connect_bd_net [get_bd_pins usp_rf_data_converter_0/s2_axis_aresetn] [get_bd_pins proc_sys_reset_1/peripheral_aresetn]
connect_bd_net [get_bd_pins usp_rf_data_converter_0/clk_dac2] [get_bd_pins usp_rf_data_converter_0/s2_axis_aclk]
set_property location {3 1332 946} [get_bd_cells qkd_top_wrapper_bd_0]
connect_bd_net [get_bd_pins qkd_top_wrapper_bd_0/m_axis_bob_tdata] [get_bd_pins usp_rf_data_converter_0/s20_axis_tdata]
WARNING: [BD 41-1306] The connection to interface pin </qkd_top_wrapper_bd_0/m_axis_bob_tdata> is being overridden by the user with net <qkd_top_wrapper_bd_0_m_axis_bob_tdata>. This pin will not be connected as a part of interface connection <m_axis_bob>, and might not recreate the connectivity as expected using the writ_bd_tcl command.
WARNING: [BD 41-1306] The connection to interface pin </usp_rf_data_converter_0/s20_axis_tdata> is being overridden by the user with net <qkd_top_wrapper_bd_0_m_axis_bob_tdata>. This pin will not be connected as a part of interface connection <s20_axis>, and might not recreate the connectivity as expected using the writ_bd_tcl command.
connect_bd_net [get_bd_pins qkd_top_wrapper_bd_0/m_axis_bob_tvalid] [get_bd_pins usp_rf_data_converter_0/s20_axis_tvalid]
WARNING: [BD 41-1306] The connection to interface pin </qkd_top_wrapper_bd_0/m_axis_bob_tvalid> is being overridden by the user with net <qkd_top_wrapper_bd_0_m_axis_bob_tvalid>. This pin will not be connected as a part of interface connection <m_axis_bob>, and might not recreate the connectivity as expected using the writ_bd_tcl command.
WARNING: [BD 41-1306] The connection to interface pin </usp_rf_data_converter_0/s20_axis_tvalid> is being overridden by the user with net <qkd_top_wrapper_bd_0_m_axis_bob_tvalid>. This pin will not be connected as a part of interface connection <s20_axis>, and might not recreate the connectivity as expected using the writ_bd_tcl command.
connect_bd_net [get_bd_pins qkd_top_wrapper_bd_0/m_axis_bob_tready] [get_bd_pins usp_rf_data_converter_0/s20_axis_tready]
WARNING: [BD 41-1306] The connection to interface pin </qkd_top_wrapper_bd_0/m_axis_bob_tready> is being overridden by the user with net <usp_rf_data_converter_0_s20_axis_tready>. This pin will not be connected as a part of interface connection <m_axis_bob>, and might not recreate the connectivity as expected using the writ_bd_tcl command.
WARNING: [BD 41-1306] The connection to interface pin </usp_rf_data_converter_0/s20_axis_tready> is being overridden by the user with net <usp_rf_data_converter_0_s20_axis_tready>. This pin will not be connected as a part of interface connection <s20_axis>, and might not recreate the connectivity as expected using the writ_bd_tcl command.
save_bd_design
Wrote  : </home/dylanjb/Documents/qkd_bb84_phase/fpga/vivado/qkd_phase_bb84/qkd_phase_bb84.srcs/sources_1/bd/design_1/design_1.bd> 
Wrote  : </home/dylanjb/Documents/qkd_bb84_phase/fpga/vivado/qkd_phase_bb84/qkd_phase_bb84.srcs/sources_1/bd/design_1/ui/bd_1f5defd0.ui> 
generate_target all [get_files  /home/dylanjb/Documents/qkd_bb84_phase/fpga/vivado/qkd_phase_bb84/qkd_phase_bb84.srcs/sources_1/bd/design_1/design_1.bd]
INFO: [BD 5-943] Reserving offset range <0x8000_0000 [ 4K ]> from slave interface '/axi_smc/S00_AXI' to master interface '/axi_smc/M00_AXI'. This will be used by smartconnect on path for routing.
INFO: [BD 5-943] Reserving offset range <0x8004_0000 [ 256K ]> from slave interface '/axi_smc/S00_AXI' to master interface '/axi_smc/M01_AXI'. This will be used by smartconnect on path for routing.
INFO: [xilinx.com:ip:smartconnect:1.0-1] design_1_axi_smc_0: SmartConnect design_1_axi_smc_0 is in Low-Area Mode.
CRITICAL WARNING: [BD 41-1343] Reset pin /usp_rf_data_converter_0/s2_axis_aresetn (associated clock /usp_rf_data_converter_0/s2_axis_aclk) is connected to reset source /proc_sys_reset_1/peripheral_aresetn (synchronous to clock source /usp_rf_data_converter_0/clk_dac0).
This may prevent design from meeting timing. Please add Processor System Reset module to create a reset that is synchronous to the associated clock source /usp_rf_data_converter_0/clk_dac2.
Wrote  : </home/dylanjb/Documents/qkd_bb84_phase/fpga/vivado/qkd_phase_bb84/qkd_phase_bb84.srcs/sources_1/bd/design_1/design_1.bd> 
Verilog Output written to : /home/dylanjb/Documents/qkd_bb84_phase/fpga/vivado/qkd_phase_bb84/qkd_phase_bb84.gen/sources_1/bd/design_1/synth/design_1.v
Verilog Output written to : /home/dylanjb/Documents/qkd_bb84_phase/fpga/vivado/qkd_phase_bb84/qkd_phase_bb84.gen/sources_1/bd/design_1/sim/design_1.v
Verilog Output written to : /home/dylanjb/Documents/qkd_bb84_phase/fpga/vivado/qkd_phase_bb84/qkd_phase_bb84.gen/sources_1/bd/design_1/hdl/design_1_wrapper.v
INFO: [BD 41-1029] Generation completed for the IP Integrator block usp_rf_data_converter_0 .
Exporting to file /home/dylanjb/Documents/qkd_bb84_phase/fpga/vivado/qkd_phase_bb84/qkd_phase_bb84.gen/sources_1/bd/design_1/ip/design_1_axi_smc_0/bd_0/hw_handoff/design_1_axi_smc_0.hwh
Generated Hardware Definition File /home/dylanjb/Documents/qkd_bb84_phase/fpga/vivado/qkd_phase_bb84/qkd_phase_bb84.gen/sources_1/bd/design_1/ip/design_1_axi_smc_0/bd_0/synth/design_1_axi_smc_0.hwdef
INFO: [BD 41-1029] Generation completed for the IP Integrator block axi_smc .
Exporting to file /home/dylanjb/Documents/qkd_bb84_phase/fpga/vivado/qkd_phase_bb84/qkd_phase_bb84.gen/sources_1/bd/design_1/hw_handoff/design_1.hwh
Generated Hardware Definition File /home/dylanjb/Documents/qkd_bb84_phase/fpga/vivado/qkd_phase_bb84/qkd_phase_bb84.gen/sources_1/bd/design_1/synth/design_1.hwdef
generate_target: Time (s): cpu = 00:00:09 ; elapsed = 00:00:09 . Memory (MB): peak = 14295.789 ; gain = 0.000 ; free physical = 12995 ; free virtual = 28591
catch { config_ip_cache -export [get_ips -all design_1_usp_rf_data_converter_0_0] }
catch { config_ip_cache -export [get_ips -all design_1_axi_smc_0] }
INFO: [IP_Flow 19-4993] Using cached IP synthesis design for IP design_1_axi_smc_0, cache-ID = 5065ecdcf351f6a9; cache size = 28.652 MB.
export_ip_user_files -of_objects [get_files /home/dylanjb/Documents/qkd_bb84_phase/fpga/vivado/qkd_phase_bb84/qkd_phase_bb84.srcs/sources_1/bd/design_1/design_1.bd] -no_script -sync -force -quiet
create_ip_run [get_files -of_objects [get_fileset sources_1] /home/dylanjb/Documents/qkd_bb84_phase/fpga/vivado/qkd_phase_bb84/qkd_phase_bb84.srcs/sources_1/bd/design_1/design_1.bd]
launch_runs design_1_usp_rf_data_converter_0_0_synth_1 -jobs 8
[Wed Apr 29 22:12:14 2026] Launched design_1_usp_rf_data_converter_0_0_synth_1...
Run output will be captured here: /home/dylanjb/Documents/qkd_bb84_phase/fpga/vivado/qkd_phase_bb84/qkd_phase_bb84.runs/design_1_usp_rf_data_converter_0_0_synth_1/runme.log
export_simulation -lib_map_path [list {modelsim=/home/dylanjb/Documents/qkd_bb84_phase/fpga/vivado/qkd_phase_bb84/qkd_phase_bb84.cache/compile_simlib/modelsim} {questa=/home/dylanjb/Documents/qkd_bb84_phase/fpga/vivado/qkd_phase_bb84/qkd_phase_bb84.cache/compile_simlib/questa} {xcelium=/home/dylanjb/Documents/qkd_bb84_phase/fpga/vivado/qkd_phase_bb84/qkd_phase_bb84.cache/compile_simlib/xcelium} {vcs=/home/dylanjb/Documents/qkd_bb84_phase/fpga/vivado/qkd_phase_bb84/qkd_phase_bb84.cache/compile_simlib/vcs} {riviera=/home/dylanjb/Documents/qkd_bb84_phase/fpga/vivado/qkd_phase_bb84/qkd_phase_bb84.cache/compile_simlib/riviera}] -of_objects [get_files /home/dylanjb/Documents/qkd_bb84_phase/fpga/vivado/qkd_phase_bb84/qkd_phase_bb84.srcs/sources_1/bd/design_1/design_1.bd] -directory /home/dylanjb/Documents/qkd_bb84_phase/fpga/vivado/qkd_phase_bb84/qkd_phase_bb84.ip_user_files/sim_scripts -ip_user_files_dir /home/dylanjb/Documents/qkd_bb84_phase/fpga/vivado/qkd_phase_bb84/qkd_phase_bb84.ip_user_files -ipstatic_source_dir /home/dylanjb/Documents/qkd_bb84_phase/fpga/vivado/qkd_phase_bb84/qkd_phase_bb84.ip_user_files/ipstatic -use_ip_compiled_libs -force -quiet
copy_bd_objs /  [get_bd_cells {proc_sys_reset_1}]
set_property location {1 166 995} [get_bd_cells proc_sys_reset_2]
connect_bd_net [get_bd_pins proc_sys_reset_2/ext_reset_in] [get_bd_pins zynq_ultra_ps_e_0/pl_resetn0]
disconnect_bd_net /proc_sys_reset_1_peripheral_aresetn [get_bd_pins usp_rf_data_converter_0/s2_axis_aresetn]
connect_bd_net [get_bd_pins usp_rf_data_converter_0/s2_axis_aresetn] [get_bd_pins proc_sys_reset_2/peripheral_aresetn]
connect_bd_net [get_bd_pins proc_sys_reset_2/slowest_sync_clk] [get_bd_pins usp_rf_data_converter_0/clk_dac2]
save_bd_design
Wrote  : </home/dylanjb/Documents/qkd_bb84_phase/fpga/vivado/qkd_phase_bb84/qkd_phase_bb84.srcs/sources_1/bd/design_1/design_1.bd> 
Wrote  : </home/dylanjb/Documents/qkd_bb84_phase/fpga/vivado/qkd_phase_bb84/qkd_phase_bb84.srcs/sources_1/bd/design_1/ui/bd_1f5defd0.ui> 
generate_target all [get_files  /home/dylanjb/Documents/qkd_bb84_phase/fpga/vivado/qkd_phase_bb84/qkd_phase_bb84.srcs/sources_1/bd/design_1/design_1.bd]
INFO: [BD 5-943] Reserving offset range <0x8000_0000 [ 4K ]> from slave interface '/axi_smc/S00_AXI' to master interface '/axi_smc/M00_AXI'. This will be used by smartconnect on path for routing.
INFO: [BD 5-943] Reserving offset range <0x8004_0000 [ 256K ]> from slave interface '/axi_smc/S00_AXI' to master interface '/axi_smc/M01_AXI'. This will be used by smartconnect on path for routing.
INFO: [xilinx.com:ip:smartconnect:1.0-1] design_1_axi_smc_0: SmartConnect design_1_axi_smc_0 is in Low-Area Mode.
Wrote  : </home/dylanjb/Documents/qkd_bb84_phase/fpga/vivado/qkd_phase_bb84/qkd_phase_bb84.srcs/sources_1/bd/design_1/design_1.bd> 
Verilog Output written to : /home/dylanjb/Documents/qkd_bb84_phase/fpga/vivado/qkd_phase_bb84/qkd_phase_bb84.gen/sources_1/bd/design_1/synth/design_1.v
Verilog Output written to : /home/dylanjb/Documents/qkd_bb84_phase/fpga/vivado/qkd_phase_bb84/qkd_phase_bb84.gen/sources_1/bd/design_1/sim/design_1.v
Verilog Output written to : /home/dylanjb/Documents/qkd_bb84_phase/fpga/vivado/qkd_phase_bb84/qkd_phase_bb84.gen/sources_1/bd/design_1/hdl/design_1_wrapper.v
Exporting to file /home/dylanjb/Documents/qkd_bb84_phase/fpga/vivado/qkd_phase_bb84/qkd_phase_bb84.gen/sources_1/bd/design_1/ip/design_1_axi_smc_0/bd_0/hw_handoff/design_1_axi_smc_0.hwh
Generated Hardware Definition File /home/dylanjb/Documents/qkd_bb84_phase/fpga/vivado/qkd_phase_bb84/qkd_phase_bb84.gen/sources_1/bd/design_1/ip/design_1_axi_smc_0/bd_0/synth/design_1_axi_smc_0.hwdef
INFO: [BD 41-1029] Generation completed for the IP Integrator block axi_smc .
INFO: [BD 41-1029] Generation completed for the IP Integrator block proc_sys_reset_2 .
Exporting to file /home/dylanjb/Documents/qkd_bb84_phase/fpga/vivado/qkd_phase_bb84/qkd_phase_bb84.gen/sources_1/bd/design_1/hw_handoff/design_1.hwh
Generated Hardware Definition File /home/dylanjb/Documents/qkd_bb84_phase/fpga/vivado/qkd_phase_bb84/qkd_phase_bb84.gen/sources_1/bd/design_1/synth/design_1.hwdef
generate_target: Time (s): cpu = 00:00:07 ; elapsed = 00:00:08 . Memory (MB): peak = 14453.812 ; gain = 0.000 ; free physical = 10183 ; free virtual = 25778
catch { config_ip_cache -export [get_ips -all design_1_usp_rf_data_converter_0_0] }
catch { config_ip_cache -export [get_ips -all design_1_axi_smc_0] }
INFO: [IP_Flow 19-4993] Using cached IP synthesis design for IP design_1_axi_smc_0, cache-ID = 5065ecdcf351f6a9; cache size = 28.652 MB.
catch { config_ip_cache -export [get_ips -all design_1_proc_sys_reset_1_0] }
INFO: [IP_Flow 19-4993] Using cached IP synthesis design for IP design_1_proc_sys_reset_1_0, cache-ID = 70929420613a7eb0; cache size = 28.652 MB.
export_ip_user_files -of_objects [get_files /home/dylanjb/Documents/qkd_bb84_phase/fpga/vivado/qkd_phase_bb84/qkd_phase_bb84.srcs/sources_1/bd/design_1/design_1.bd] -no_script -sync -force -quiet
create_ip_run [get_files -of_objects [get_fileset sources_1] /home/dylanjb/Documents/qkd_bb84_phase/fpga/vivado/qkd_phase_bb84/qkd_phase_bb84.srcs/sources_1/bd/design_1/design_1.bd]
launch_runs design_1_usp_rf_data_converter_0_0_synth_1 -jobs 8
[Wed Apr 29 22:13:30 2026] Launched design_1_usp_rf_data_converter_0_0_synth_1...
Run output will be captured here: /home/dylanjb/Documents/qkd_bb84_phase/fpga/vivado/qkd_phase_bb84/qkd_phase_bb84.runs/design_1_usp_rf_data_converter_0_0_synth_1/runme.log
export_simulation -lib_map_path [list {modelsim=/home/dylanjb/Documents/qkd_bb84_phase/fpga/vivado/qkd_phase_bb84/qkd_phase_bb84.cache/compile_simlib/modelsim} {questa=/home/dylanjb/Documents/qkd_bb84_phase/fpga/vivado/qkd_phase_bb84/qkd_phase_bb84.cache/compile_simlib/questa} {xcelium=/home/dylanjb/Documents/qkd_bb84_phase/fpga/vivado/qkd_phase_bb84/qkd_phase_bb84.cache/compile_simlib/xcelium} {vcs=/home/dylanjb/Documents/qkd_bb84_phase/fpga/vivado/qkd_phase_bb84/qkd_phase_bb84.cache/compile_simlib/vcs} {riviera=/home/dylanjb/Documents/qkd_bb84_phase/fpga/vivado/qkd_phase_bb84/qkd_phase_bb84.cache/compile_simlib/riviera}] -of_objects [get_files /home/dylanjb/Documents/qkd_bb84_phase/fpga/vivado/qkd_phase_bb84/qkd_phase_bb84.srcs/sources_1/bd/design_1/design_1.bd] -directory /home/dylanjb/Documents/qkd_bb84_phase/fpga/vivado/qkd_phase_bb84/qkd_phase_bb84.ip_user_files/sim_scripts -ip_user_files_dir /home/dylanjb/Documents/qkd_bb84_phase/fpga/vivado/qkd_phase_bb84/qkd_phase_bb84.ip_user_files -ipstatic_source_dir /home/dylanjb/Documents/qkd_bb84_phase/fpga/vivado/qkd_phase_bb84/qkd_phase_bb84.ip_user_files/ipstatic -use_ip_compiled_libs -force -quiet
reset_run synth_1
INFO: [Project 1-1161] Replacing file /home/dylanjb/Documents/qkd_bb84_phase/fpga/vivado/qkd_phase_bb84/qkd_phase_bb84.srcs/utils_1/imports/synth_1/design_1_wrapper.dcp with file /home/dylanjb/Documents/qkd_bb84_phase/fpga/vivado/qkd_phase_bb84/qkd_phase_bb84.runs/synth_1/design_1_wrapper.dcp
launch_runs impl_1 -to_step write_bitstream -jobs 8
[Wed Apr 29 22:13:47 2026] Launched design_1_usp_rf_data_converter_0_0_synth_1, synth_1...
Run output will be captured here:
design_1_usp_rf_data_converter_0_0_synth_1: /home/dylanjb/Documents/qkd_bb84_phase/fpga/vivado/qkd_phase_bb84/qkd_phase_bb84.runs/design_1_usp_rf_data_converter_0_0_synth_1/runme.log
synth_1: /home/dylanjb/Documents/qkd_bb84_phase/fpga/vivado/qkd_phase_bb84/qkd_phase_bb84.runs/synth_1/runme.log
[Wed Apr 29 22:13:47 2026] Launched impl_1...
Run output will be captured here: /home/dylanjb/Documents/qkd_bb84_phase/fpga/vivado/qkd_phase_bb84/qkd_phase_bb84.runs/impl_1/runme.log
set_property location {1632 523} [get_bd_intf_ports vout20_0]
set_property location {1628 539} [get_bd_intf_ports vout20_0]
set_property location {1638 481} [get_bd_intf_ports vout00_0]
set_property location {1642 500} [get_bd_intf_ports vout00_0]
set_property location {1643 488} [get_bd_intf_ports vout00_0]
set_property location {1637 530} [get_bd_intf_ports vout20_0]
open_run impl_1
Netlist sorting complete. Time (s): cpu = 00:00:00.12 ; elapsed = 00:00:00.11 . Memory (MB): peak = 14705.789 ; gain = 0.000 ; free physical = 12998 ; free virtual = 28609
INFO: [Netlist 29-17] Analyzing 71 Unisim elements for replacement
INFO: [Netlist 29-28] Unisim Transformation completed in 0 CPU seconds
INFO: [Project 1-479] Netlist was created with Vivado 2025.1
INFO: [Project 1-570] Preparing netlist for logic optimization
Read ShapeDB Complete: Time (s): cpu = 00:00:00.01 ; elapsed = 00:00:00.01 . Memory (MB): peak = 14705.789 ; gain = 0.000 ; free physical = 12994 ; free virtual = 28605
INFO: [Timing 38-478] Restoring timing data from binary archive.
INFO: [Timing 38-479] Binary timing data restore complete.
INFO: [Project 1-856] Restoring constraints from binary archive.
INFO: [Project 1-853] Binary constraint restore complete.
INFO: [Designutils 20-5722] Start Reading Physical Databases.
Reading placement.
Read Netlist Cache: Time (s): cpu = 00:00:00 ; elapsed = 00:00:00.01 . Memory (MB): peak = 14705.789 ; gain = 0.000 ; free physical = 12954 ; free virtual = 28565
Reading placer database...
Read Device Cache: Time (s): cpu = 00:00:00.03 ; elapsed = 00:00:00.03 . Memory (MB): peak = 14705.789 ; gain = 0.000 ; free physical = 12946 ; free virtual = 28557
Read PlaceDB: Time (s): cpu = 00:00:00.64 ; elapsed = 00:00:00.62 . Memory (MB): peak = 14705.789 ; gain = 0.000 ; free physical = 12934 ; free virtual = 28545
Read PulsedLatchDB: Time (s): cpu = 00:00:00 ; elapsed = 00:00:00 . Memory (MB): peak = 14705.789 ; gain = 0.000 ; free physical = 12934 ; free virtual = 28545
Reading routing.
Read RouteStorage: Time (s): cpu = 00:00:03 ; elapsed = 00:00:03 . Memory (MB): peak = 14705.789 ; gain = 0.000 ; free physical = 12918 ; free virtual = 28529
Read Physdb Files: Time (s): cpu = 00:00:04 ; elapsed = 00:00:04 . Memory (MB): peak = 14705.789 ; gain = 0.000 ; free physical = 12918 ; free virtual = 28529
Restored from archive | CPU: 4.120000 secs | Memory: 257.552460 MB |
Finished XDEF File Restore: Time (s): cpu = 00:00:04 ; elapsed = 00:00:04 . Memory (MB): peak = 14705.789 ; gain = 0.000 ; free physical = 12918 ; free virtual = 28529
Netlist sorting complete. Time (s): cpu = 00:00:00.01 ; elapsed = 00:00:00 . Memory (MB): peak = 14705.789 ; gain = 0.000 ; free physical = 12918 ; free virtual = 28529
INFO: [Project 1-111] Unisim Transformation Summary:
  A total of 4 instances were transformed.
  IBUF => IBUF (IBUFCTRL, INBUF): 4 instances

open_run: Time (s): cpu = 00:00:19 ; elapsed = 00:00:15 . Memory (MB): peak = 14705.789 ; gain = 0.000 ; free physical = 12571 ; free virtual = 28212
CRITICAL WARNING: [Timing 38-282] The design failed to meet the timing requirements. Please see the timing summary report for details on the timing violations.
close_design
WARNING: [filemgmt 56-199] Attempt to get parsing info during refresh. "On-the-fly" syntax checking information may be incorrect. [/home/dylanjb/Documents/qkd_bb84_phase/fpga/hdl/qkd_top_wrapper_bd.v:]
WARNING: [filemgmt 56-199] Attempt to get parsing info during refresh. "On-the-fly" syntax checking information may be incorrect. [/home/dylanjb/Documents/qkd_bb84_phase/fpga/hdl/qkd_top_wrapper.sv:]
WARNING: [filemgmt 56-199] Attempt to get parsing info during refresh. "On-the-fly" syntax checking information may be incorrect. [/home/dylanjb/Documents/qkd_bb84_phase/fpga/hdl/qkd_top_wrapper.sv:]
WARNING: [filemgmt 56-199] Attempt to get parsing info during refresh. "On-the-fly" syntax checking information may be incorrect. [/home/dylanjb/Documents/qkd_bb84_phase/fpga/hdl/qkd_top_wrapper.sv:]
reset_run synth_1
INFO: [Project 1-1161] Replacing file /home/dylanjb/Documents/qkd_bb84_phase/fpga/vivado/qkd_phase_bb84/qkd_phase_bb84.srcs/utils_1/imports/synth_1/design_1_wrapper.dcp with file /home/dylanjb/Documents/qkd_bb84_phase/fpga/vivado/qkd_phase_bb84/qkd_phase_bb84.runs/synth_1/design_1_wrapper.dcp
WARNING: [filemgmt 56-199] Attempt to get parsing info during refresh. "On-the-fly" syntax checking information may be incorrect. [/home/dylanjb/Documents/qkd_bb84_phase/fpga/hdl/qkd_top_wrapper_bd.v:]
WARNING: [filemgmt 56-199] Attempt to get parsing info during refresh. "On-the-fly" syntax checking information may be incorrect. [/home/dylanjb/Documents/qkd_bb84_phase/fpga/hdl/qkd_top_wrapper.sv:]
WARNING: [filemgmt 56-199] Attempt to get parsing info during refresh. "On-the-fly" syntax checking information may be incorrect. [/home/dylanjb/Documents/qkd_bb84_phase/fpga/hdl/qkd_top_wrapper.sv:]
WARNING: [filemgmt 56-199] Attempt to get parsing info during refresh. "On-the-fly" syntax checking information may be incorrect. [/home/dylanjb/Documents/qkd_bb84_phase/fpga/hdl/qkd_top_wrapper.sv:]
launch_runs impl_1 -to_step write_bitstream -jobs 8
[Wed Apr 29 22:23:42 2026] Launched synth_1...
Run output will be captured here: /home/dylanjb/Documents/qkd_bb84_phase/fpga/vivado/qkd_phase_bb84/qkd_phase_bb84.runs/synth_1/runme.log
[Wed Apr 29 22:23:42 2026] Launched impl_1...
Run output will be captured here: /home/dylanjb/Documents/qkd_bb84_phase/fpga/vivado/qkd_phase_bb84/qkd_phase_bb84.runs/impl_1/runme.log
open_run impl_1
Netlist sorting complete. Time (s): cpu = 00:00:00.13 ; elapsed = 00:00:00.12 . Memory (MB): peak = 14961.363 ; gain = 0.000 ; free physical = 8142 ; free virtual = 23756
INFO: [Netlist 29-17] Analyzing 71 Unisim elements for replacement
INFO: [Netlist 29-28] Unisim Transformation completed in 0 CPU seconds
INFO: [Project 1-479] Netlist was created with Vivado 2025.1
INFO: [Project 1-570] Preparing netlist for logic optimization
Read ShapeDB Complete: Time (s): cpu = 00:00:00.01 ; elapsed = 00:00:00.01 . Memory (MB): peak = 14961.363 ; gain = 0.000 ; free physical = 8138 ; free virtual = 23752
INFO: [Timing 38-478] Restoring timing data from binary archive.
INFO: [Timing 38-479] Binary timing data restore complete.
INFO: [Project 1-856] Restoring constraints from binary archive.
INFO: [Project 1-853] Binary constraint restore complete.
INFO: [Designutils 20-5722] Start Reading Physical Databases.
Reading placement.
Read Netlist Cache: Time (s): cpu = 00:00:00.01 ; elapsed = 00:00:00.01 . Memory (MB): peak = 14995.316 ; gain = 0.000 ; free physical = 8149 ; free virtual = 23763
Reading placer database...
Read Device Cache: Time (s): cpu = 00:00:00.04 ; elapsed = 00:00:00.02 . Memory (MB): peak = 14995.316 ; gain = 0.000 ; free physical = 8149 ; free virtual = 23763
Read PlaceDB: Time (s): cpu = 00:00:00.7 ; elapsed = 00:00:00.64 . Memory (MB): peak = 14995.316 ; gain = 0.000 ; free physical = 8151 ; free virtual = 23765
Read PulsedLatchDB: Time (s): cpu = 00:00:00 ; elapsed = 00:00:00 . Memory (MB): peak = 14995.316 ; gain = 0.000 ; free physical = 8151 ; free virtual = 23765
Reading routing.
Read RouteStorage: Time (s): cpu = 00:00:03 ; elapsed = 00:00:03 . Memory (MB): peak = 14995.316 ; gain = 0.000 ; free physical = 8160 ; free virtual = 23775
Read Physdb Files: Time (s): cpu = 00:00:04 ; elapsed = 00:00:04 . Memory (MB): peak = 14995.316 ; gain = 0.000 ; free physical = 8160 ; free virtual = 23775
Restored from archive | CPU: 4.370000 secs | Memory: 253.708069 MB |
Finished XDEF File Restore: Time (s): cpu = 00:00:04 ; elapsed = 00:00:04 . Memory (MB): peak = 14995.316 ; gain = 0.000 ; free physical = 8160 ; free virtual = 23775
Netlist sorting complete. Time (s): cpu = 00:00:00 ; elapsed = 00:00:00 . Memory (MB): peak = 14995.316 ; gain = 0.000 ; free physical = 8161 ; free virtual = 23775
INFO: [Project 1-111] Unisim Transformation Summary:
  A total of 4 instances were transformed.
  IBUF => IBUF (IBUFCTRL, INBUF): 4 instances

open_run: Time (s): cpu = 00:00:15 ; elapsed = 00:00:15 . Memory (MB): peak = 15044.355 ; gain = 82.992 ; free physical = 8048 ; free virtual = 23692
WARNING: [filemgmt 56-199] Attempt to get parsing info during refresh. "On-the-fly" syntax checking information may be incorrect. [/home/dylanjb/Documents/qkd_bb84_phase/fpga/hdl/qkd_top_wrapper_bd.v:]
WARNING: [filemgmt 56-199] Attempt to get parsing info during refresh. "On-the-fly" syntax checking information may be incorrect. [/home/dylanjb/Documents/qkd_bb84_phase/fpga/hdl/qkd_top_wrapper.sv:]
WARNING: [filemgmt 56-199] Attempt to get parsing info during refresh. "On-the-fly" syntax checking information may be incorrect. [/home/dylanjb/Documents/qkd_bb84_phase/fpga/hdl/qkd_top_wrapper.sv:]
WARNING: [filemgmt 56-199] Attempt to get parsing info during refresh. "On-the-fly" syntax checking information may be incorrect. [/home/dylanjb/Documents/qkd_bb84_phase/fpga/hdl/qkd_top_wrapper.sv:]
close_design
delete_bd_objs [get_bd_nets usp_rf_data_converter_0_irq] [get_bd_ports irq_0]
save_bd_design
Wrote  : </home/dylanjb/Documents/qkd_bb84_phase/fpga/vivado/qkd_phase_bb84/qkd_phase_bb84.srcs/sources_1/bd/design_1/design_1.bd> 
Wrote  : </home/dylanjb/Documents/qkd_bb84_phase/fpga/vivado/qkd_phase_bb84/qkd_phase_bb84.srcs/sources_1/bd/design_1/ui/bd_1f5defd0.ui> 
reset_run synth_1
INFO: [Project 1-1161] Replacing file /home/dylanjb/Documents/qkd_bb84_phase/fpga/vivado/qkd_phase_bb84/qkd_phase_bb84.srcs/utils_1/imports/synth_1/design_1_wrapper.dcp with file /home/dylanjb/Documents/qkd_bb84_phase/fpga/vivado/qkd_phase_bb84/qkd_phase_bb84.runs/synth_1/design_1_wrapper.dcp
WARNING: [filemgmt 56-199] Attempt to get parsing info during refresh. "On-the-fly" syntax checking information may be incorrect. [/home/dylanjb/Documents/qkd_bb84_phase/fpga/hdl/qkd_top_wrapper_bd.v:]
WARNING: [filemgmt 56-199] Attempt to get parsing info during refresh. "On-the-fly" syntax checking information may be incorrect. [/home/dylanjb/Documents/qkd_bb84_phase/fpga/hdl/qkd_top_wrapper.sv:]
WARNING: [filemgmt 56-199] Attempt to get parsing info during refresh. "On-the-fly" syntax checking information may be incorrect. [/home/dylanjb/Documents/qkd_bb84_phase/fpga/hdl/qkd_top_wrapper.sv:]
WARNING: [filemgmt 56-199] Attempt to get parsing info during refresh. "On-the-fly" syntax checking information may be incorrect. [/home/dylanjb/Documents/qkd_bb84_phase/fpga/hdl/qkd_top_wrapper.sv:]
launch_runs impl_1 -to_step write_bitstream -jobs 8
INFO: [BD 5-943] Reserving offset range <0x8000_0000 [ 4K ]> from slave interface '/axi_smc/S00_AXI' to master interface '/axi_smc/M00_AXI'. This will be used by smartconnect on path for routing.
INFO: [BD 5-943] Reserving offset range <0x8004_0000 [ 256K ]> from slave interface '/axi_smc/S00_AXI' to master interface '/axi_smc/M01_AXI'. This will be used by smartconnect on path for routing.
INFO: [xilinx.com:ip:smartconnect:1.0-1] design_1_axi_smc_0: SmartConnect design_1_axi_smc_0 is in Low-Area Mode.
Wrote  : </home/dylanjb/Documents/qkd_bb84_phase/fpga/vivado/qkd_phase_bb84/qkd_phase_bb84.srcs/sources_1/bd/design_1/design_1.bd> 
Verilog Output written to : /home/dylanjb/Documents/qkd_bb84_phase/fpga/vivado/qkd_phase_bb84/qkd_phase_bb84.gen/sources_1/bd/design_1/synth/design_1.v
Verilog Output written to : /home/dylanjb/Documents/qkd_bb84_phase/fpga/vivado/qkd_phase_bb84/qkd_phase_bb84.gen/sources_1/bd/design_1/sim/design_1.v
Verilog Output written to : /home/dylanjb/Documents/qkd_bb84_phase/fpga/vivado/qkd_phase_bb84/qkd_phase_bb84.gen/sources_1/bd/design_1/hdl/design_1_wrapper.v
Exporting to file /home/dylanjb/Documents/qkd_bb84_phase/fpga/vivado/qkd_phase_bb84/qkd_phase_bb84.gen/sources_1/bd/design_1/ip/design_1_axi_smc_0/bd_0/hw_handoff/design_1_axi_smc_0.hwh
Generated Hardware Definition File /home/dylanjb/Documents/qkd_bb84_phase/fpga/vivado/qkd_phase_bb84/qkd_phase_bb84.gen/sources_1/bd/design_1/ip/design_1_axi_smc_0/bd_0/synth/design_1_axi_smc_0.hwdef
INFO: [BD 41-1029] Generation completed for the IP Integrator block axi_smc .
Exporting to file /home/dylanjb/Documents/qkd_bb84_phase/fpga/vivado/qkd_phase_bb84/qkd_phase_bb84.gen/sources_1/bd/design_1/hw_handoff/design_1.hwh
Generated Hardware Definition File /home/dylanjb/Documents/qkd_bb84_phase/fpga/vivado/qkd_phase_bb84/qkd_phase_bb84.gen/sources_1/bd/design_1/synth/design_1.hwdef
INFO: [IP_Flow 19-4993] Using cached IP synthesis design for IP design_1_axi_smc_0, cache-ID = 5065ecdcf351f6a9; cache size = 38.723 MB.
WARNING: [filemgmt 56-199] Attempt to get parsing info during refresh. "On-the-fly" syntax checking information may be incorrect. [/home/dylanjb/Documents/qkd_bb84_phase/fpga/hdl/qkd_top_wrapper_bd.v:]
WARNING: [filemgmt 56-199] Attempt to get parsing info during refresh. "On-the-fly" syntax checking information may be incorrect. [/home/dylanjb/Documents/qkd_bb84_phase/fpga/hdl/qkd_top_wrapper.sv:]
WARNING: [filemgmt 56-199] Attempt to get parsing info during refresh. "On-the-fly" syntax checking information may be incorrect. [/home/dylanjb/Documents/qkd_bb84_phase/fpga/hdl/qkd_top_wrapper.sv:]
WARNING: [filemgmt 56-199] Attempt to get parsing info during refresh. "On-the-fly" syntax checking information may be incorrect. [/home/dylanjb/Documents/qkd_bb84_phase/fpga/hdl/qkd_top_wrapper.sv:]
[Wed Apr 29 22:28:39 2026] Launched synth_1...
Run output will be captured here: /home/dylanjb/Documents/qkd_bb84_phase/fpga/vivado/qkd_phase_bb84/qkd_phase_bb84.runs/synth_1/runme.log
[Wed Apr 29 22:28:39 2026] Launched impl_1...
Run output will be captured here: /home/dylanjb/Documents/qkd_bb84_phase/fpga/vivado/qkd_phase_bb84/qkd_phase_bb84.runs/impl_1/runme.log
launch_runs: Time (s): cpu = 00:00:10 ; elapsed = 00:00:10 . Memory (MB): peak = 15597.238 ; gain = 242.957 ; free physical = 12211 ; free virtual = 27796
open_run impl_1
Netlist sorting complete. Time (s): cpu = 00:00:00.12 ; elapsed = 00:00:00.12 . Memory (MB): peak = 15597.238 ; gain = 0.000 ; free physical = 12268 ; free virtual = 27893
INFO: [Netlist 29-17] Analyzing 71 Unisim elements for replacement
INFO: [Netlist 29-28] Unisim Transformation completed in 0 CPU seconds
INFO: [Project 1-479] Netlist was created with Vivado 2025.1
INFO: [Project 1-570] Preparing netlist for logic optimization
Read ShapeDB Complete: Time (s): cpu = 00:00:00.01 ; elapsed = 00:00:00.01 . Memory (MB): peak = 15597.238 ; gain = 0.000 ; free physical = 12268 ; free virtual = 27893
INFO: [Timing 38-478] Restoring timing data from binary archive.
INFO: [Timing 38-479] Binary timing data restore complete.
INFO: [Project 1-856] Restoring constraints from binary archive.
INFO: [Project 1-853] Binary constraint restore complete.
INFO: [Designutils 20-5722] Start Reading Physical Databases.
Reading placement.
Read Netlist Cache: Time (s): cpu = 00:00:00 ; elapsed = 00:00:00.01 . Memory (MB): peak = 15597.238 ; gain = 0.000 ; free physical = 12274 ; free virtual = 27900
Reading placer database...
Read Device Cache: Time (s): cpu = 00:00:00.02 ; elapsed = 00:00:00.02 . Memory (MB): peak = 15597.238 ; gain = 0.000 ; free physical = 12274 ; free virtual = 27900
Read PlaceDB: Time (s): cpu = 00:00:00.64 ; elapsed = 00:00:00.62 . Memory (MB): peak = 15597.238 ; gain = 0.000 ; free physical = 12274 ; free virtual = 27900
Read PulsedLatchDB: Time (s): cpu = 00:00:00 ; elapsed = 00:00:00 . Memory (MB): peak = 15597.238 ; gain = 0.000 ; free physical = 12274 ; free virtual = 27900
Reading routing.
Read RouteStorage: Time (s): cpu = 00:00:03 ; elapsed = 00:00:03 . Memory (MB): peak = 15597.238 ; gain = 0.000 ; free physical = 12257 ; free virtual = 27883
Read Physdb Files: Time (s): cpu = 00:00:04 ; elapsed = 00:00:04 . Memory (MB): peak = 15597.238 ; gain = 0.000 ; free physical = 12257 ; free virtual = 27883
Restored from archive | CPU: 4.200000 secs | Memory: 257.501442 MB |
Finished XDEF File Restore: Time (s): cpu = 00:00:04 ; elapsed = 00:00:04 . Memory (MB): peak = 15597.238 ; gain = 0.000 ; free physical = 12257 ; free virtual = 27883
Netlist sorting complete. Time (s): cpu = 00:00:00.01 ; elapsed = 00:00:00 . Memory (MB): peak = 15597.238 ; gain = 0.000 ; free physical = 12257 ; free virtual = 27883
INFO: [Project 1-111] Unisim Transformation Summary:
  A total of 4 instances were transformed.
  IBUF => IBUF (IBUFCTRL, INBUF): 4 instances

open_run: Time (s): cpu = 00:00:14 ; elapsed = 00:00:14 . Memory (MB): peak = 15597.238 ; gain = 0.000 ; free physical = 12091 ; free virtual = 27746
close_design
exit
INFO: [Common 17-206] Exiting Vivado at Wed Apr 29 22:55:51 2026...
